Date,Close,High,Low,Open,Volume,Market_Close,Daily_Return,MA_7,52_Week_High,52_Week_Low,Volatility_Score,Market_Correlation
2023-01-02,183.37892150878906,183.7754949915001,182.18921529874464,183.35559951960727,5559512,18197.44921875,0.00012719540195608444,0.0,183.7754949915001,182.18921529874464,0.0,0.0
2023-01-03,185.24514770507812,185.57174100232933,182.74909670871764,183.3789328364186,5994422,18232.55078125,0.01017682260330444,0.0,185.57174100232933,182.18921529874464,0.0,0.0
2023-01-04,181.81597900390625,185.45509209698903,181.30276709639747,185.45509209698903,8926522,18042.94921875,-0.019622610799921343,0.0,185.57174100232933,181.30276709639747,0.0,0.0
2023-01-05,180.50962829589844,182.9823715119509,179.03998695095473,181.95594765048168,9568980,17992.150390625,-0.007948733598758015,0.0,185.57174100232933,179.03998695095473,0.0,0.0
2023-01-06,178.22352600097656,181.39608569005114,177.94359091356645,180.55629466591083,8484754,17859.44921875,-0.01291989664082696,0.0,185.57174100232933,177.94359091356645,0.0,0.0
2023-01-09,182.7957305908203,183.35560071572212,179.6698294013699,180.0897248760019,7347432,18101.19921875,0.015025875111317968,0.0,185.57174100232933,177.94359091356645,0.0,0.0
2023-01-10,183.37892150878906,183.7754949915001,180.71957402807544,182.88904583126222,7879496,17914.150390625,0.0026785402881854964,182.1925506591797,185.57174100232933,177.94359091356645,0.0,0.0
2023-01-11,183.75218200683594,184.75526963831499,182.65577793787958,183.3556085046914,7656600,17895.69921875,0.002162865403347623,182.2458735874721,185.57174100232933,177.94359091356645,0.0,0.0
2023-01-12,184.05543518066406,185.6417149176198,182.18922037528344,184.6386273073455,9510500,17858.19921875,-0.0031585596967782367,182.07591465541296,185.6417149176198,177.94359091356645,0.0,0.0
2023-01-13,183.77549743652344,185.0351981070501,180.32300294445437,184.755263042701,13621860,17956.599609375,-0.005303045715948595,182.35584586007255,185.6417149176198,177.94359091356645,0.0,0.0
2023-01-16,185.9683074951172,187.08803352646075,181.48938913165395,181.9559428312212,23867444,17894.849609375,0.02205129770132205,183.13565717424666,187.08803352646075,177.94359091356645,0.0,0.0
2023-01-17,184.9185791015625,187.57792689691314,183.7055365207282,186.64481940982373,14310032,18053.30078125,-0.009248798406082991,184.09209333147322,187.57792689691314,177.94359091356645,0.0,0.0
2023-01-18,188.1144561767578,188.41771323195002,185.6883712590423,185.9216481073577,16080426,18165.349609375,0.011794258988786022,184.85191127232142,188.41771323195002,177.94359091356645,0.0,0.0
2023-01-19,188.207763671875,188.48769874535228,186.03829176908224,187.60124954441525,9447456,18107.849609375,0.0032329962030245014,185.54174586704798,188.48769874535228,177.94359091356645,0.0,0.0
2023-01-20,188.09112548828125,189.14087133661505,187.22799827647782,188.27774412481162,9265614,18027.650390625,-0.0009911879781534733,186.1615949358259,189.14087133661505,177.94359091356645,0.0,0.0
2023-01-23,189.88735961914062,190.23727490099407,187.7878679280199,189.04756863792804,8815290,18118.55078125,0.004442220480608195,186.9947269984654,190.23727490099407,177.94359091356645,0.0,0.0
2023-01-24,190.16798400878906,191.85171714417572,189.48980915866605,191.00984343990316,9552640,18118.30078125,-0.004407413858642179,187.90793936593192,191.85171714417572,177.94359091356645,0.0,0.0
2023-01-25,187.8060760498047,189.84058632730262,187.0811423325295,189.41965661168612,6355554,17891.94921875,-0.008518548659336371,188.17047773088728,191.85171714417572,177.94359091356645,0.0,0.0
2023-01-27,186.16912841796875,188.7648880041132,184.36848372196332,187.80608852208962,7410134,17604.349609375,-0.008716224894531764,188.34912763323103,191.85171714417572,177.94359091356645,0.0,0.0
2023-01-30,188.1334686279297,189.32610516851412,184.76600244850837,186.1691109777409,7261256,17648.94921875,0.01055146925218789,188.35184369768416,191.85171714417572,177.94359091356645,0.0,0.0
2023-01-31,186.54330444335938,188.27379660875596,186.00544896321125,188.15687088380378,9566846,17662.150390625,-0.00857564452929736,188.1140638078962,191.85171714417572,177.94359091356645,16.215832567325002,0.0
2023-02-01,188.20362854003906,188.9051828320172,186.30943766096152,187.7826988194839,7029896,17616.30078125,0.002241578820633556,188.13013567243303,191.85171714417572,177.94359091356645,16.240052996325726,0.0
2023-02-02,191.50096130371094,191.7581921937312,188.20364723989832,188.20364723989832,10835460,17610.400390625,0.01751992648479134,188.36065019880022,191.85171714417572,177.94359091356645,17.014315182460344,0.0
2023-02-03,190.7760009765625,193.1612885076814,189.95752094051298,192.95081650343363,8850236,17854.05078125,-0.011271346586047885,188.447509765625,193.1612885076814,177.94359091356645,16.01032406093765,0.0
2023-02-06,189.25595092773438,189.98089889200642,187.82946297819063,189.60672805694918,5958022,17764.599609375,-0.001850024694848632,188.6546347481864,193.1612885076814,177.94359091356645,15.741625619477945,0.0
2023-02-07,187.31500244140625,189.6535168289394,186.636827559758,189.6535168289394,6683580,17721.5,-0.012330456226880272,188.8183310372489,193.1612885076814,177.94359091356645,15.678104236320985,0.0
2023-02-08,190.23812866210938,190.63567892758985,187.5488373534256,187.5488373534256,8300976,17871.69921875,0.014339152119700719,189.1189967564174,193.1612885076814,177.94359091356645,15.601348064697884,0.0
2023-02-09,190.9630889892578,191.26710729378627,188.74150020694586,190.23815520113575,5277374,17893.44921875,0.0038106645186692305,189.7503945486886,193.1612885076814,177.94359091356645,15.623505911825363,0.0
2023-02-10,189.79380798339844,190.3550571042713,188.39069945437433,190.3550571042713,5160140,17856.5,-0.0029484329411087603,189.9775630405971,193.1612885076814,177.94359091356645,15.669504129945233,0.0
2023-02-13,187.3617706298828,189.72366438957843,186.70698947331798,189.72366438957843,4825356,17770.900390625,-0.01244912577086698,189.38625008719308,193.1612885076814,177.94359091356645,16.269537816131436,0.0
2023-02-14,189.46641540527344,190.0978170674669,187.7826823971433,188.48423662776773,4638822,17929.849609375,0.005210933259344051,189.19916643415178,193.1612885076814,177.94359091356645,16.232281655275543,0.0
2023-02-15,190.54214477539062,190.75261677437803,187.24484527897997,188.34394986883643,5227672,18015.849609375,0.01167117344669168,189.3829084123884,193.1612885076814,177.94359091356645,14.848058266660654,0.0
2023-02-16,191.71139526367188,193.27820266501325,191.0799935618587,191.19691927429972,11189362,18035.849609375,0.0026908173590081126,190.0109645298549,193.27820266501325,177.94359091356645,14.465173528995065,0.0
2023-02-17,190.02767944335938,190.82278006957978,188.95196850027017,190.2849245980352,5616244,17944.19921875,-0.0013518945613754142,189.98090035574776,193.27820266501325,177.94359091356645,13.9048270058327,0.0
2023-02-20,190.3784637451172,190.72924092750458,188.1101160508735,189.55998365287996,6497188,17844.599609375,0.0043177894219278605,189.89738246372767,193.27820266501325,177.94359091356645,13.94056225787045,0.0
2023-02-21,188.36734008789062,190.82278027525606,188.06333606218206,190.54215568492523,5761172,17826.69921875,-0.011413829077439527,189.69360133579798,193.27820266501325,177.94359091356645,14.505234616029835,0.0
2023-02-22,184.81277465820312,187.24483513924093,184.48539123358978,186.84728486999234,6883372,17554.30078125,-0.010888626041340745,189.32945905412947,193.27820266501325,177.94359091356645,14.837433063545161,0.0
2023-02-23,184.25155639648438,186.47314508988276,183.99431124703742,185.11679531117528,6078322,17511.25,-0.004674016278406654,188.58447919573103,193.27820266501325,177.94359091356645,14.845285293127612,0.0
2023-02-24,183.94752502441406,185.44417985228344,183.59674788724075,185.18694899428633,5106634,17465.80078125,-0.006692825691029142,187.64239065987724,193.27820266501325,177.94359091356645,14.743105174868187,0.0
2023-02-27,182.5678253173828,183.94754027408436,180.27608401915836,183.6903093947622,5554710,17392.69921875,-0.006110741938852676,186.33616638183594,193.27820266501325,177.94359091356645,14.5979953936053,0.0
2023-02-28,181.02439880371094,183.9007830106504,180.39301131746527,183.26938125124516,10061602,17303.94921875,-0.012249631838155039,185.04998343331474,193.27820266501325,177.94359091356645,14.487240532151166,0.0
2023-03-01,182.84844970703125,183.22260630803277,181.14132274791834,181.51549362207928,4542612,17450.900390625,0.007343483789473247,183.9742671421596,193.27820266501325,177.94359091356645,14.619207508853037,0.0
2023-03-02,181.49209594726562,182.5678211296639,181.14131878905818,181.79611423623936,4438972,17321.900390625,-0.0016723035596826492,182.9920894077846,193.27820266501325,177.94359091356645,14.566070249844143,0.0
2023-03-03,182.61459350585938,183.08229638150695,181.98319176910334,182.6847460825747,4393936,17594.349609375,-0.00038400894557231557,182.67806352887834,193.27820266501325,177.94359091356645,12.859231286346748,0.0
2023-03-06,184.1580047607422,185.51434022688795,183.38629788113846,183.549996740002,6727722,17711.44921875,0.0033124926806805005,182.6646990094866,193.27820266501325,177.94359091356645,12.556558095699987,0.0
2023-03-08,183.62014770507812,183.8072259964988,181.86626196083674,183.17582427394015,4908842,17754.400390625,0.0024256663394263567,182.61793082101005,193.27820266501325,177.94359091356645,12.630353727807137,0.0
2023-03-09,182.45089721679688,184.20478302520016,182.21704577567644,183.71368643495168,4157054,17589.599609375,-0.0068736806857442765,182.60122680664062,193.27820266501325,177.94359091356645,12.164688264614819,0.0
2023-03-10,181.98318481445312,182.35734139140885,180.81392767001842,181.42193567586105,4567396,17412.900390625,0.0030936123380076543,182.73819623674666,193.27820266501325,177.94359091356645,10.930310717521008,0.0
2023-03-13,180.2760772705078,183.62014994230722,179.48097668083406,181.9364167526891,5982520,17154.30078125,-0.009125932629739698,182.37071446010046,193.27820266501325,177.94359091356645,11.039899422341595,0.0
2023-03-14,177.46987915039062,181.07118307956767,176.48770016128398,180.79055847222858,8094852,17043.30078125,-0.018367548338250474,181.79611206054688,193.27820266501325,176.48770016128398,12.377887568681842,0.0
2023-03-15,175.73936462402344,179.4576083872088,175.34181430450678,179.4576083872088,7687926,16972.150390625,-0.020719343117304105,180.8139365059989,193.27820266501325,175.34181430450678,13.46079935014543,0.0
2023-03-16,174.38302612304688,176.18368511173645,173.05007002632033,175.55228335295445,7686620,16985.599609375,-0.006660450138131992,179.41751098632812,193.27820266501325,173.05007002632033,13.133105254098002,0.0
2023-03-17,176.0901336669922,176.95538684641534,174.8507238942202,176.41753139104173,9044282,17100.05078125,-0.001855811729526172,178.34179469517298,193.27820266501325,173.05007002632033,11.886428666363038,0.0
2023-03-20,171.7171173095703,175.8329114037535,170.7817115072323,175.388587938379,8184754,16988.400390625,-0.020933349609374957,176.8083975655692,193.27820266501325,170.7817115072323,12.84778900420208,0.0
2023-03-21,171.36634826660156,173.16700737619203,170.92203905330032,172.58237872198475,7211152,17107.5,-0.00704608700139723,175.29170663016183,193.27820266501325,170.7817115072323,12.756655290676791,0.0
2023-03-22,171.36634826660156,173.0500816453506,171.10911736801455,172.0445232147462,5374846,17151.900390625,-0.003941857232491679,174.01888820103235,193.27820266501325,170.7817115072323,12.228035650118969,0.0
2023-03-23,169.0745849609375,170.6647718403782,168.53672952316236,170.6647718403782,9485192,17076.900390625,-0.009317604695408297,172.81956045968192,193.27820266501325,168.53672952316236,12.139988762555147,0.0
2023-03-24,169.19151306152344,171.57680055088574,168.8407359093572,169.93984050744322,7906696,16945.05078125,-0.004403484454765087,171.88415309361048,193.27820266501325,168.53672952316236,12.035462840879235,0.0
2023-03-27,168.95765686035156,170.24383971534385,167.99887171407522,169.19150828853196,6227714,16985.69921875,-0.001382170006910753,171.10910034179688,193.27820266501325,167.99887171407522,12.132905145007685,0.0
2023-03-28,166.5957794189453,170.2672357814983,166.2216085334106,169.7761534436113,7813096,16951.69921875,-0.018732748740960817,169.75276402064733,193.27820266501325,166.2216085334106,12.936223999886595,0.0
2023-03-29,167.9287109375,168.72381153131866,166.03452001002947,167.43762862983252,8823840,17080.69921875,0.0029329267960020934,169.21156311035156,193.27820266501325,166.03452001002947,13.33165438421631,0.40852862776188936
2023-03-31,170.8284912109375,171.06234267050073,168.98105897112387,169.93985851922932,7914212,17359.75,0.0052291010446359155,169.13472638811385,193.27820266501325,166.03452001002947,13.65883856139094,0.417523778530578
2023-04-03,172.0912628173828,172.30172052797835,170.7816863233272,172.0912628173828,4053500,17398.05078125,0.0,169.238285609654,193.27820266501325,166.03452001002947,13.038770488854185,0.39523403892415326
2023-04-05,172.93313598632812,173.93869430105568,171.74049937844458,172.9097565521182,6443110,17557.05078125,0.00013521176986254973,169.78950718470983,193.27820266501325,166.03452001002947,13.119516458229294,0.39334848293309854
2023-04-06,171.48324584960938,173.26052523056717,171.10908928159623,172.58235039374043,6429614,17599.150390625,-0.006368580226329542,170.1168975830078,193.27820266501325,166.03452001002947,12.996584824072071,0.3777807185129983
2023-04-10,174.59347534179688,175.10795135248588,171.92757755157743,172.11465584460282,5624940,17624.05078125,0.01440214074176289,170.92201450892858,193.27820266501325,166.03452001002947,14.446752387540709,0.33605417818969335
2023-04-11,173.16697692871094,175.3184128525446,172.39527009547658,174.6870111623863,6784354,17722.30078125,-0.008701472556894197,171.86075701032365,193.27820266501325,166.03452001002947,14.227059952311238,0.3417304904084457
2023-04-12,174.0556182861328,174.66364057428706,172.74605597391533,173.33068455493364,5578210,17812.400390625,0.004182373900273955,172.73602948869978,193.27820266501325,166.03452001002947,14.617337653375765,0.34921113621780014
2023-04-13,172.25497436523438,173.00330186857448,171.17926339198044,173.00330186857448,6724634,17828.0,-0.004325509948408901,172.93981279645647,193.27820266501325,166.03452001002947,14.31467790700658,0.3482844610402087
2023-04-17,169.00442504882812,169.28504960905408,164.63140061535125,168.3496439237396,13603290,17706.849609375,0.0038894119989059273,172.49883597237724,193.27820266501325,164.63140061535125,14.603673148540242,0.3406853537443171
2023-04-18,172.06788635253906,172.53558923160176,168.02225930327845,169.9866171046055,8024898,17660.150390625,0.012243724143605974,172.37522888183594,193.27820266501325,164.63140061535125,14.882469147786503,0.36659058147845275
2023-04-19,168.7471923828125,172.06788566553118,168.5601140865662,172.06788566553118,7475944,17618.75,-0.0192987393892519,171.98436410086495,193.27820266501325,164.63140061535125,14.680920360390559,0.3881975335140731
2023-04-20,169.70599365234375,170.10354395682555,167.9053347013327,168.6068890245973,4423266,17624.44921875,0.006518740925147481,171.28615243094308,193.27820266501325,164.63140061535125,15.01049767603527,0.37232306737169013
2023-04-21,172.13803100585938,172.4420492817828,170.08014128734465,170.29061328249801,5299988,17624.05078125,0.01084861747662302,171.13916015625,193.27820266501325,164.63140061535125,15.728867540015651,0.37278621754339253
2023-04-24,176.768310546875,177.07231456655046,173.30729779007976,175.38858133113965,17779044,17743.400390625,0.00786669921875003,171.5266876220703,193.27820266501325,164.63140061535125,14.499471397978617,0.3872422972732237
2023-04-25,175.6925811767578,177.2126155121818,174.9676474337423,176.88523206537047,7528552,17769.25,-0.006742512501958897,172.0177743094308,193.27820266501325,164.63140061535125,14.483173791462184,0.3783845118781093
2023-04-26,175.1781005859375,176.62798230724957,174.64024515131683,176.62798230724957,7008146,17813.599609375,-0.00820867510556711,172.89972795758928,193.27820266501325,164.63140061535125,14.677165043772872,0.3726545349712854
2023-04-27,175.1079559326172,176.13690798090852,174.0088513067513,176.04336169536958,8491700,17915.05078125,-0.005313496366713607,173.33402361188615,193.27820266501325,164.63140061535125,14.452177630026064,0.3567712725350349
2023-04-28,180.06561279296875,181.4687214640828,177.727098341112,177.727098341112,27709406,18065.0,0.013157894736842196,174.95094081333704,193.27820266501325,164.63140061535125,15.152405569290691,0.36841124908851375
2023-05-02,181.63241577148438,183.40968100102344,181.21148603534715,181.93641978796356,9746608,18147.650390625,-0.0016709354665409076,176.65471540178572,193.27820266501325,164.63140061535125,15.15632092042963,0.3667347993795353
2023-05-03,180.11236572265625,181.63239994576995,178.68586350322406,181.63239994576995,4828488,18089.849609375,-0.008368739407548072,177.79390607561385,193.27820266501325,164.63140061535125,13.90771254545134,0.3726352976703834
2023-05-04,179.4575958251953,180.60345928575674,179.15357754303693,179.94867812641323,6253358,18255.80078125,-0.0027290131071311995,178.17808968680245,193.27820266501325,164.63140061535125,13.925864515079109,0.37172017327048434
2023-05-05,177.4464569091797,179.7849711390665,177.25937862542037,179.01326429783546,7902194,18069.0,-0.00875246532597149,178.42864336286272,193.27820266501325,164.63140061535125,14.145518892618513,0.40207736780550735
2023-05-08,177.8907928466797,179.1302026211498,177.5400156874999,178.19479686333702,9613544,18264.400390625,-0.0017060207256807864,178.81617082868303,193.27820266501325,164.63140061535125,14.152626688531955,0.4466309284733306
2023-05-09,178.8027801513672,179.34064980619877,177.75044881946442,178.89632642346584,5716698,18265.94921875,-0.0005229077308005517,179.34400285993303,193.27820266501325,164.63140061535125,14.151175877212344,0.4498567024479141
2023-05-10,179.48098754882812,179.85514415888426,178.66250747531555,179.59791327361563,3670402,18315.099609375,-0.0006510416666666469,179.26048496791296,193.27820266501325,164.63140061535125,13.987896772781111,0.44767440843158673
2023-05-11,179.90191650390625,180.93086858672734,179.17698272270937,180.3930131097271,4049964,18297.0,-0.0027223704363878286,179.01327078683036,193.27820266501325,164.63140061535125,12.957729151812828,0.42737871643445696
2023-05-12,179.2471160888672,180.18252178274255,178.45201553980985,179.87851778686468,4580358,18314.80078125,-0.0035101562196861538,178.88966369628906,193.27820266501325,164.63140061535125,12.69101891068348,0.42789680561269433
2023-05-15,180.4163818359375,181.00101042257373,178.89634751068334,179.24712466266507,5089694,18398.849609375,0.006523157208088644,179.0266331263951,193.27820266501325,164.63140061535125,12.830853363700006,0.4339725869921476
2023-05-16,180.97763061523438,181.84286950314498,180.76715861521575,181.23486148356042,4059352,18286.5,-0.0014193233366935887,179.53108651297433,193.27820266501325,164.63140061535125,12.765045614472587,0.4195098606449511
2023-05-17,178.8027801513672,181.1646879268654,178.35847104179143,180.626832545191,5376102,18181.75,-0.010098457511109044,179.66137041364397,193.27820266501325,164.63140061535125,13.07447060799026,0.4161481354122665
2023-05-18,178.94313049316406,180.22931345449695,178.7794316252716,180.15916087487437,4237016,18129.94921875,-0.006749756025755908,179.6814204624721,193.27820266501325,164.63140061535125,12.248770145520158,0.4102195904281666
2023-05-19,180.62684631347656,181.56225201313586,179.36404290967317,179.97205090518844,7281582,18203.400390625,0.0036383171997805253,179.8451145717076,193.27820266501325,164.63140061535125,10.658460691475538,0.4149384880894021
2023-05-22,185.09341430664062,185.49096460829873,180.25268665586546,180.76716267723717,12197390,18314.400390625,0.02393272962483819,180.58675711495536,193.27820266501325,164.63140061535125,13.524278827536767,0.4279206806685151
2023-05-23,185.98204040527344,188.06332385251395,185.23371297069488,185.67803639930176,12725634,18348.0,0.00163726422288264,181.54888916015625,193.27820266501325,164.63140061535125,12.944187234032961,0.44596515624798894
2023-05-24,186.94085693359375,187.29163411252355,183.9709406306893,184.50879611708305,8256974,18285.400390625,0.013181273021625459,182.48095703125,193.27820266501325,164.63140061535125,13.50068277345401,0.41592615437136615
2023-05-25,184.32171630859375,186.61345767097376,183.64354139225486,186.61345767097376,13605054,18321.150390625,-0.012280686457354414,182.95868355887276,193.27820266501325,164.63140061535125,13.960209464585112,0.39081672548816665
2023-05-26,187.87625122070312,188.27378724724613,184.74263623853273,184.8127888153839,7926180,18499.349609375,0.016576030397871602,184.25489371163505,193.27820266501325,164.63140061535125,14.869072916211765,0.4169759046771872
2023-05-29,186.9875946044922,189.88735799746058,186.77713688489249,188.9519522930396,7959308,18598.650390625,-0.010396069819384289,185.4041028703962,193.27820266501325,164.63140061535125,15.222875069856004,0.3990524854785286
2023-05-30,188.25039672851562,188.88179842931743,186.82390874828332,187.08113960597825,7378972,18633.849609375,0.006250000000000053,186.49318150111608,193.27820266501325,164.63140061535125,14.667755174175696,0.3948244231248627
2023-05-31,188.7882537841797,189.32610921057025,187.31499265166343,187.89962121799198,11783582,18534.400390625,0.004729294079612653,187.02101571219308,193.27820266501325,164.63140061535125,14.742837616786728,0.36651246170508384
2023-06-01,190.42523193359375,190.82278225124915,188.97535009617047,189.41967355822524,7065484,18487.75,0.005308626904899677,187.655757359096,193.27820266501325,164.63140061535125,14.487178598381192,0.34488847232838304
2023-06-02,189.39627075195312,191.66461810724337,188.95194734472585,191.15015640181133,6320754,18534.099609375,-0.009175434029838885,188.00653076171875,193.27820266501325,164.63140061535125,14.861492731933485,0.34457378417269985
2023-06-05,189.04550170898438,191.64124687255236,188.81165027899956,191.24369658694647,7252860,18593.849609375,-0.011494208265121639,188.68135724748885,193.27820266501325,164.63140061535125,15.108508887344904,0.3458388541500693
2023-06-06,187.05776977539062,188.64795668904193,184.99986571555587,188.64795668904193,13707400,18599.0,-0.008429388484034813,188.5644313267299,193.27820266501325,164.63140061535125,15.41017562691793,0.3400832178843883
2023-06-07,188.3907012939453,188.76487213590022,187.54884187757358,188.20362300954693,8215860,18726.400390625,0.0009940206325831037,188.76487513950892,193.27820266501325,164.63140061535125,15.410093724493823,0.3410751688742802
2023-06-08,186.8706817626953,189.30274247096838,186.49652516441913,188.9987384507241,10615052,18634.55078125,-0.011259634352446255,188.5677730015346,193.27820266501325,164.63140061535125,15.920441768168688,0.3463475174321264
2023-06-09,185.81834411621094,187.24484643033955,185.23371553004972,186.82391670293526,12018232,18563.400390625,-0.005382461755810774,188.14350019182478,193.27820266501325,164.63140061535125,15.999450667447993,0.3791070404293216
2023-06-12,185.02325439453125,186.9875978439515,184.55555153421807,186.9875978439515,11973622,18601.5,-0.010505207147800129,187.37178911481584,193.27820266501325,164.63140061535125,16.352932472411887,0.3669319119835831
2023-06-13,184.99986267089844,186.37959183287708,184.5087803715684,186.12236096621064,13016186,18716.150390625,-0.006030969570152727,186.74373081752233,193.27820266501325,164.63140061535125,16.23335635319612,0.3290568715630432
2023-06-14,185.42079162597656,185.74817504125141,183.66690602328347,185.3506247833428,18512564,18755.900390625,0.00037856275216652734,186.22591509137834,193.27820266501325,164.63140061535125,16.243418724586647,0.30496024538736377
2023-06-15,181.9130401611328,185.88851462530786,181.5856424371724,185.72481576332765,28702320,18688.099609375,-0.020523781846429473,185.49095371791296,193.27820266501325,164.63140061535125,17.328357871910338,0.32556872615568205
2023-06-16,178.3350830078125,181.77270165596752,177.32952477998478,180.32282003127847,41110648,18826.0,-0.011023213939983739,184.05443681989397,193.27820266501325,164.63140061535125,17.547269638144243,0.3038267791726641
2023-06-19,177.79722595214844,178.6624790324607,176.37073804609992,178.6624790324607,10629440,18755.44921875,-0.004842947914962413,182.7582288469587,193.27820266501325,164.63140061535125,17.455776050569714,0.26760729739628125
2023-06-20,178.89634704589844,180.0422247819919,178.00771445115188,178.5689493289692,11802658,18816.69921875,0.0018334526700164266,181.76937212262834,193.27820266501325,164.63140061535125,14.737843813139866,0.2829944946392784
2023-06-21,180.29946899414062,181.11794907388057,179.1769848822721,179.71484036575495,8829264,18856.849609375,0.003253090435914134,181.09454563685827,193.27820266501325,164.63140061535125,14.817224705715622,0.28433012098681176
2023-06-22,178.8027801513672,180.53328627309233,178.47539674533618,180.53328627309233,9356174,18771.25,-0.009585523852412507,180.20924813406808,193.27820266501325,164.63140061535125,13.686426122455147,0.2851019571467709
2023-06-23,177.70370483398438,179.1301928273935,176.83845170068253,178.80279512079548,6470406,18665.5,-0.006146941305188111,179.1068071637835,193.27820266501325,164.63140061535125,13.401245594703559,0.29043286318553246
2023-06-26,178.1480255126953,178.61572839630605,177.2827723233836,177.72709577207752,4100400,18691.19921875,0.0023684049907483247,178.5689479282924,193.27820266501325,164.63140061535125,11.397205277361085,0.28961156334606625
2023-06-27,178.94313049316406,179.71483741533189,178.42865445399897,179.71483741533189,5880750,18817.400390625,-0.0042940634911760875,178.6558118547712,193.27820266501325,164.63140061535125,11.210590136016025,0.26775567212081425
2023-06-28,178.52220153808594,179.48098676790795,178.1012575121546,179.48098676790795,7140112,18972.099609375,-0.005341987734120526,178.75937979561942,193.27820266501325,164.63140061535125,10.513217715572779,0.24776810209721042
2023-06-30,182.00656127929688,182.28718584401554,179.13019160553674,180.06559730582677,9070810,19189.05078125,0.010779204925933381,179.20369611467635,193.27820266501325,164.63140061535125,11.391459294833515,0.26342357738752775
2023-07-03,183.15243530273438,184.22814612725728,182.17025648247198,184.22814612725728,9036924,19322.55078125,-0.005839014543303516,179.61126273018974,193.27820266501325,164.63140061535125,10.793757694951243,0.25110956891603525
2023-07-04,185.18695068359375,185.84173182432528,183.80722155552934,184.15799869590248,12617234,19389.0,0.005587332589285824,180.5232870919364,193.27820266501325,164.63140061535125,11.316255899645519,0.25475660633552627
2023-07-05,184.2281494140625,184.92970368774374,183.2693642826281,184.32169569314996,12366958,19398.5,-0.0005075163763857392,181.4553506033761,193.27820266501325,164.63140061535125,11.104529795836417,0.2565189009158972
2023-07-06,185.3038787841797,185.65465592907162,183.877376497724,184.5087782131612,9037242,19497.30078125,0.0043092831610423874,182.4776153564453,193.27820266501325,164.63140061535125,11.342121712843738,0.27102933239799715
2023-07-07,185.1401824951172,185.88850993589213,183.9007727539493,184.74263220409688,9065220,19331.80078125,0.0021519141861154716,183.36290849958147,193.27820266501325,164.63140061535125,11.405788770247533,0.2623243176076527
2023-07-10,182.3807373046875,185.1401813443063,182.2404178817626,185.1401813443063,5630400,19355.900390625,-0.014904619945721337,183.91412789481026,193.27820266501325,164.63140061535125,11.787269262439077,0.2520805297814474
2023-07-11,183.36288452148438,183.71366163581433,181.39854124513099,182.40409945157873,9634838,19439.400390625,0.0052563789563302285,184.1078883579799,193.27820266501325,164.63140061535125,12.14796162817665,0.25723701827380024
2023-07-12,183.26937866210938,184.2515575769574,182.56782433338353,184.22816386877093,6848220,19384.30078125,-0.005204335680968518,184.12459455217635,193.27820266501325,164.63140061535125,11.872625453960348,0.28582366838729445
2023-07-13,184.4152374267578,186.426368347957,182.9887493709571,183.26937394986382,13595726,19413.75,0.006252345671281999,184.01434980119978,193.27820266501325,164.63140061535125,12.206310235536446,0.31493509410227255
2023-07-14,189.4430389404297,189.65351093803375,183.50322114449003,184.6257051610082,31366784,19564.5,0.026092432661098806,184.75933401925224,193.27820266501325,164.63140061535125,15.652445655998665,0.33428865477276837
2023-07-17,194.213623046875,198.7503467418213,189.79382507320918,190.3550742446192,45759860,19711.44921875,0.020270270270270282,186.0321546282087,198.7503467418213,164.63140061535125,15.609715999868348,0.36542118688266995
2023-07-18,195.12564086914062,196.57550833123594,192.81050597952864,195.49979745165064,17769026,19749.25,-0.0019138463946620932,187.45864868164062,198.7503467418213,164.63140061535125,15.035939736714452,0.3788242934741527
2023-07-19,195.47642517089844,196.90291325122197,193.69914565604174,196.4352103693901,10830990,19833.150390625,-0.00488092331659222,189.32946123395647,198.7503467418213,164.63140061535125,15.037934684392523,0.3641494850715267
2023-07-20,195.33612060546875,196.43522531603577,193.93301185321135,195.73367093990706,8255710,19979.150390625,-0.002031077905652526,191.03992353166853,198.7503467418213,164.63140061535125,15.083626368104873,0.35869740210916745
2023-07-21,189.27935791015625,193.7926877679994,187.54885157538416,189.4196630624204,23514212,19745.0,-0.00074071059992284,191.89849199567522,198.7503467418213,164.63140061535125,15.07932670246598,0.3408609279574797
2023-07-24,188.975341796875,190.82277387081936,188.71811092371473,190.02767327042733,6808460,19672.349609375,-0.005537780131921952,192.54993547712053,198.7503467418213,164.63140061535125,14.782481193349884,0.35446422235795505
2023-07-25,187.26821899414062,189.65350639280013,187.08114070806423,189.65350639280013,6458200,19680.599609375,-0.012577080403244543,192.23924691336495,198.7503467418213,164.63140061535125,15.34368895730498,0.33170870967190275
2023-07-26,188.36734008789062,188.76489040142934,187.73593832793617,188.71811725751428,5329662,19778.30078125,-0.001858736059479671,191.40406363351005,198.7503467418213,164.63140061535125,15.363230494933427,0.33115511866003805
2023-07-27,187.05776977539062,190.1679910263714,186.6134463367538,188.95196070187603,8948358,19659.900390625,-0.010024722259823583,190.2515106201172,198.7503467418213,164.63140061535125,15.722818842175737,0.3381482000508766
2023-07-28,186.4965057373047,188.4140902183261,185.46755378949092,187.5722165501627,6760060,19646.05078125,-0.0057349155042390135,188.96866498674666,198.7503467418213,164.63140061535125,15.741617946792246,0.35051390457986986
2023-07-31,189.4430389404297,189.88736236952332,186.59006289478396,186.9642194759038,6762180,19753.80078125,0.01325825589235462,188.12679617745536,198.7503467418213,164.63140061535125,15.968842935842934,0.34830358995686933
2023-08-01,190.33168029785156,190.82276258052343,188.97533061588499,189.65350545686826,7181804,19733.55078125,0.0035758624094482452,188.2771279471261,198.7503467418213,164.63140061535125,15.827091942543085,0.3560936479020269
2023-08-02,188.3907012939453,189.84058297605944,186.61343618242358,189.84058297605944,5399618,19526.55078125,-0.007637364252600128,188.193607875279,198.7503467418213,164.63140061535125,16.005322880471432,0.36651634234417657
2023-08-03,186.9174346923828,188.01653920655517,185.70140446974867,188.01653920655517,6821698,19381.650390625,-0.00584578632715325,188.14349583217077,198.7503467418213,164.63140061535125,16.148078502625683,0.37154898408239606
2023-08-04,191.22030639648438,191.7581618005617,187.2214386047975,187.47868372720512,12481540,19517.0,0.01995758981710998,188.55106244768416,198.7503467418213,164.63140061535125,17.51315853793577,0.3933396415119617
2023-08-07,192.29603576660156,193.16128894702516,190.84615398767002,191.73480087592944,8822866,19597.30078125,0.002927141489746023,189.29938616071428,198.7503467418213,164.63140061535125,17.52245693873488,0.39554196566612676
2023-08-08,194.7281036376953,195.2659591135558,191.73480795741287,192.88067148891398,15724284,19570.849609375,0.00957810927616726,190.47532871791296,198.7503467418213,164.63140061535125,16.778417018571986,0.3780082111075623
2023-08-09,195.40626525878906,195.73366299696065,192.95082504198132,194.33055430164194,9309388,19632.55078125,0.0055354700191787305,191.32721819196428,198.7503467418213,164.63140061535125,16.785401194110825,0.3844216623176726
2023-08-10,195.80380249023438,196.8093608000394,194.35392074734492,195.07886875536906,9901644,19543.099609375,0.003716105898555274,192.10894993373327,198.7503467418213,164.63140061535125,16.581535019395314,0.35829545494021986
2023-08-11,193.18466186523438,197.44076077343814,192.85727842500864,195.8038007528335,7571468,19428.30078125,-0.013376343449560025,192.7938014439174,198.7503467418213,164.63140061535125,17.395192656864257,0.37233482247065247
2023-08-14,194.16683959960938,194.6579361668213,191.52432129353662,193.27820701966792,5792180,19434.55078125,0.004597686379877432,193.82943071637834,198.7503467418213,164.63140061535125,15.004976002385476,0.3677877830381625
2023-08-16,195.80380249023438,196.5287504982585,193.6289870124796,193.6991395879248,8131780,19465.0,0.0108656285556406,194.48421587262834,198.7503467418213,164.63140061535125,13.747490398945766,0.34624262453491444
2023-08-17,195.28932189941406,196.62227789423193,193.86283389725017,195.803797895872,6340960,19365.25,-0.0026275077500363068,194.91182817731584,198.7503467418213,164.63140061535125,13.762800087000668,0.34593064048314137
2023-08-18,192.55328369140625,194.72809925459552,190.82277730559667,194.1200769394811,10602392,19310.150390625,-0.008071258124234664,194.60113961356026,198.7503467418213,164.63140061535125,13.950044614962017,0.38184753702795815
2023-08-21,193.90960693359375,195.19578978747012,192.52987779926298,192.60003037302454,7334260,19393.599609375,0.0067994618590290256,194.38733128138952,198.7503467418213,164.63140061535125,14.130066886390006,0.39643360726086296
2023-08-22,195.07887268066406,195.5465755572549,193.04436231286218,194.09669378519152,6350240,19396.44921875,0.005060255671121988,194.28376988002233,198.7503467418213,164.63140061535125,14.217673085455488,0.3594367701367868
2023-08-23,194.213623046875,195.47642654596788,193.9096190261776,195.14902881711882,6134234,19444.0,-0.004793289394847159,194.4307643345424,198.7503467418213,164.63140061535125,14.179471034239358,0.3784063083373226
2023-08-24,193.02096557617188,196.43519055997498,192.69356788264213,195.85056201664173,5776956,19386.69921875,-0.014447732042910458,194.2670680454799,198.7503467418213,164.63140061535125,14.411985130911962,0.38679975753409956
2023-08-25,191.61785888671875,192.36617201074532,190.4018286504387,191.75816402918426,6598510,19265.80078125,-0.0007316775438262646,193.66907610212053,198.7503467418213,164.63140061535125,14.393572179504757,0.3986180841008555
2023-08-28,190.8461456298828,192.90404962503564,190.65906734118488,192.43634676671155,3401974,19306.05078125,-0.008263517591905453,193.03433663504464,198.7503467418213,164.63140061535125,14.241911425696768,0.4038014071400339
2023-08-29,190.86953735351562,192.64680248741757,190.40183450005108,191.59447106712233,3998562,19342.650390625,-0.0037836880655743596,192.7938014439174,198.7503467418213,164.63140061535125,14.146843681773195,0.4104554117558062
2023-08-30,190.44862365722656,191.85173233562512,190.1913785022911,191.7581860478014,4018182,19347.44921875,-0.006829238519436028,192.29937526157923,198.7503467418213,164.63140061535125,13.614979472291761,0.42502891625152506
2023-08-31,191.0098419189453,191.7581693368427,190.0978299213602,190.82276363276054,22061952,19253.80078125,0.0009803771972656506,191.71808515276228,198.7503467418213,164.63140061535125,13.55429985081497,0.4177695484610416
2023-09-01,194.7281036376953,195.3828848375759,190.58893015275208,190.7994021652521,8476130,19435.30078125,0.020590743093841273,191.79158238002233,198.7503467418213,164.63140061535125,15.072302297685075,0.4557724157835515
2023-09-04,203.02981567382812,204.15229969034607,194.564390999276,195.49979672523403,27634648,19528.80078125,0.03851676101319525,193.22141810825892,204.15229969034607,164.63140061535125,19.656058967409646,0.43611048408270475
2023-09-05,201.9774932861328,204.6200117257883,201.252545252123,203.82491111381864,17973426,19574.900390625,-0.00906374896763334,194.7013658796038,204.6200117257883,164.63140061535125,19.092584104493344,0.4248522768091941
2023-09-06,200.7848358154297,203.70797874468505,199.19464891654653,202.86611929032304,13531912,19611.05078125,-0.010259394137247805,196.12117876325334,204.6200117257883,164.63140061535125,19.533286621760585,0.42582377220065004
2023-09-07,202.4451904296875,202.84274072439968,199.59220006389054,201.0888549593391,9322650,19727.05078125,0.006744955958014948,197.77484348842077,204.6200117257883,164.63140061535125,19.403347101373043,0.44647557362699725
2023-09-08,201.1122283935547,202.7258089585338,200.78483068458084,202.7258089585338,5748410,19819.94921875,-0.007959423485685355,199.29821559361048,204.6200117257883,164.63140061535125,19.56899135181933,0.43282877108682355
2023-09-11,203.38058471679688,204.61999439967184,201.15899620617188,202.51533160013236,8253314,19996.349609375,0.004272531416895221,201.06546456473214,204.6200117257883,164.63140061535125,19.581942296309037,0.42101694275270807
2023-09-12,203.45074462890625,206.49081322680945,199.66234859842595,204.4329234920913,14545328,19993.19921875,-0.004804406484081082,202.31155613490515,206.49081322680945,164.63140061535125,19.04020804330012,0.45531025998044933
2023-09-13,203.7781524658203,204.83048395584154,201.81379464185028,203.4273753024799,7445670,20070.0,0.0017243360821955914,202.418461390904,206.49081322680945,164.63140061535125,18.99395142960291,0.45106080277534194
2023-09-14,204.12892150878906,207.30929528729456,203.59105179453644,205.04093353329816,14895010,20103.099609375,-0.0044479509958970575,202.7258082798549,207.30929528729456,164.63140061535125,18.69594042399801,0.44907937843903856
2023-09-15,206.28033447265625,207.54313786583558,204.97077221341397,205.6957059152877,19835876,20192.349609375,0.0028422010793424913,203.51087951660156,207.54313786583558,164.63140061535125,18.697542718938152,0.4492944492993926
2023-09-18,203.96522521972656,206.28034587093603,203.54429548979383,206.28034587093603,6025196,20133.30078125,-0.011223176117117704,203.72802734375,207.54313786583558,164.63140061535125,18.90384346818213,0.4470924216902346
2023-09-20,201.1590118408203,204.3160062855001,200.66791525219682,203.09997594106568,9102700,19901.400390625,-0.009556692910729758,203.73471069335938,207.54313786583558,164.63140061535125,19.016148312275146,0.4552280987839663
2023-09-21,200.62115478515625,201.69686569292153,197.86169639251133,201.06546395438144,8893070,19742.349609375,-0.0022097736751349765,203.34050641741072,207.54313786583558,164.63140061535125,18.903422815806444,0.4515763078608096
2023-09-22,195.733642578125,199.59219108772962,194.84501001842347,198.4930865364227,19818260,19674.25,-0.013901965083259268,202.2380632672991,207.54313786583558,164.63140061535125,19.38598981528643,0.4738290632862284
2023-09-25,193.67576599121094,196.31828441579106,192.69358708589854,195.7336558141955,9301132,19674.55078125,-0.010513724961730888,200.79486519949776,207.54313786583558,164.63140061535125,19.101110893228,0.49344760186798425
2023-09-26,193.11451721191406,194.93855559792044,192.55328231715168,194.93855559792044,6480566,19664.69921875,-0.009356991388448746,199.22137887137276,207.54313786583558,164.63140061535125,19.299870494999485,0.47869387300174693
2023-09-27,194.40069580078125,194.8216255307516,191.89848258212575,192.81050889136057,7773994,19716.44921875,0.008247407875037941,197.5242876325335,207.54313786583558,164.63140061535125,19.443455511077318,0.5014062055569104
2023-09-28,189.58335876464844,194.79824284327609,188.95195704365796,194.79824284327609,16876116,19523.55078125,-0.02677069362901418,195.46973528180803,207.54313786583558,164.63140061535125,21.397657786248665,0.5367079844548794
2023-09-29,189.91075134277344,191.40740628874823,187.78270891858867,189.4196690212414,12780272,19638.30078125,0.0025925624517746256,193.8628409249442,207.54313786583558,164.63140061535125,21.381223693911853,0.5361255248410155
2023-10-03,189.630126953125,190.86953665564275,188.7648738227475,190.0978298048795,5728104,19528.75,-0.0024603271496289867,192.29269409179688,207.54313786583558,164.63140061535125,21.36215857089542,0.531928098740697
2023-10-04,189.37289428710938,189.63013943640368,187.38515703630077,188.34395650940988,6905870,19436.099609375,0.005463078278532871,191.38401576450892,207.54313786583558,164.63140061535125,19.964764622510025,0.5372951709766938
2023-10-05,190.2615203857422,191.94525355979877,189.41966093529328,190.79939010075213,8125304,19545.75,-0.0028190326747162212,190.8962663922991,207.54313786583558,164.63140061535125,13.287582365981551,0.5411323109469254
2023-10-06,190.7526092529297,191.66462124187694,190.33167954471108,190.82276182543976,6365004,19653.5,-0.0003676320992264118,190.55885096958704,207.54313786583558,164.63140061535125,13.248582485974772,0.5335743273333031
2023-10-09,189.7002716064453,192.2258640458468,188.67131966627989,189.04549049595718,6030450,19512.349609375,0.0034636166605737325,189.88736179896765,207.54313786583558,164.63140061535125,13.289208519684415,0.5144144354414163
2023-10-10,190.70584106445312,191.17354392420654,189.98090734109877,190.0744393491543,5128014,19689.849609375,0.0033218654620834737,190.04771641322546,207.54313786583558,164.63140061535125,13.010483528715094,0.5107474119046185
2023-10-11,196.97305297851562,198.2826295261048,191.2904661896171,191.2904661896171,19092228,19811.349609375,0.029706586543971597,191.0566166469029,207.54313786583558,164.63140061535125,17.251891957560357,0.50054548400794
2023-10-12,195.07887268066406,197.32384077903637,193.9563886314779,197.25368820217957,10234398,19794.0,-0.011025474561907235,191.8350088936942,207.54313786583558,164.63140061535125,17.392094864058016,0.478251950096575
2023-10-13,192.24925231933594,193.8160597339866,191.31384661186192,192.64680259964408,10914054,19751.05078125,-0.0020636225202985683,192.24591718401228,207.54313786583558,164.63140061535125,17.37185966910553,0.47955912858417193
2023-10-16,191.8517303466797,192.64681669230038,190.8929308624849,192.22588694777653,5277652,19731.75,-0.0019464423186586345,192.47309003557478,207.54313786583558,164.63140061535125,17.30980403835152,0.4882618542845041
2023-10-17,192.41294860839844,193.55882629404584,192.24924975714052,192.5532680265445,5979388,19811.5,-0.0007287303902144389,192.7102813720703,207.54313786583558,164.63140061535125,17.305692916422107,0.4970059549665033
2023-10-18,190.56553649902344,193.46528567447425,190.35506450222684,191.2904702245965,4881066,19671.099609375,-0.0037897012053026632,192.8338906424386,207.54313786583558,164.63140061535125,17.207291388583663,0.5167879489709909
2023-10-19,184.8829345703125,185.56110942555463,182.4508882658702,183.31614141019887,25629102,19624.69921875,0.008546945992102711,192.0020468575614,207.54313786583558,164.63140061535125,17.330613507446902,0.5037218946301821
2023-10-20,183.26937866210938,185.23372221864608,182.87182835453285,184.76601933282885,8429336,19542.650390625,-0.008100194376236974,190.04437909807478,207.54313786583558,164.63140061535125,17.2548318393272,0.515891989069444
2023-10-23,179.20034790039062,183.80722392463468,178.7560387474196,182.8016656305693,8837826,19281.75,-0.019700683348568067,187.77601841517858,207.54313786583558,164.63140061535125,18.354708054200362,0.5548815883122135
2023-10-25,178.59234619140625,181.32841087272428,178.2415690341388,179.784982816852,6678294,19122.150390625,-0.006633683229598154,185.82503182547433,207.54313786583558,164.63140061535125,17.953407700417323,0.5505003150172506
2023-10-26,176.90859985351562,177.9843106800438,175.41194505097747,177.16583070715905,10995582,18857.25,-0.0014519213587444112,183.69029889787947,207.54313786583558,164.63140061535125,17.69339480038671,0.5282790531127927
2023-10-27,178.82620239257812,179.76160817020565,177.282774295597,177.282774295597,6202812,19047.25,0.008706024051765213,181.74933515276228,207.54313786583558,164.63140061535125,17.815519385951557,0.5259514554027768
2023-10-30,178.66249084472656,179.76159541005225,177.91416342111174,179.59789655595551,4688744,19140.900390625,-0.00520833333333343,180.0489000592913,207.54313786583558,164.63140061535125,17.557850146285876,0.5160318124964656
2023-10-31,178.56893920898438,179.64466430853128,177.32952953340813,179.2237346057338,6153536,19079.599609375,-0.0036535082710438755,179.1469007219587,207.54313786583558,164.63140061535125,15.004214090470452,0.5130616490617639
2023-11-01,178.17141723632812,180.32283905844787,177.79724636971142,179.52775272906075,4241952,18989.150390625,-0.007555018497778318,178.41862051827567,207.54313786583558,164.63140061535125,15.161177682441505,0.5147251980190909
2023-11-02,179.4342041015625,180.13575841000585,178.70927035876795,179.50435667777504,4742730,19133.25,-0.0003908126661152034,178.45202854701452,207.54313786583558,164.63140061535125,15.150792792149224,0.4882481594524385
2023-11-03,179.38742065429688,180.8606960359187,178.9664909480441,180.53329833485648,5291528,19230.599609375,-0.006347181883500585,178.56561061314173,207.54313786583558,164.63140061535125,15.090578586428242,0.47353775382999064
2023-11-06,179.90191650390625,180.74379028253068,179.13020957837026,180.53331826958467,4939936,19411.75,-0.0034974251386415364,178.99322727748327,207.54313786583558,164.63140061535125,15.100810406991346,0.46457202174325735
2023-11-07,179.27049255371094,181.0009987679911,179.0600348399685,180.01881995105256,5692178,19406.69921875,-0.004156939799655934,179.05669730050224,207.54313786583558,164.63140061535125,15.126230750743419,0.4609179673750825
2023-11-08,178.7560577392578,180.46317050448314,178.42865999330883,179.8785418675457,7102052,19443.5,-0.006240233641177866,179.070063999721,207.54313786583558,164.63140061535125,15.094626710369907,0.4673135280551852
2023-11-09,178.1246337890625,179.59789491616502,177.58677836464835,179.13019206482082,9231126,19395.30078125,-0.0056135610874265265,179.006591796875,207.54313786583558,164.63140061535125,15.014094435035624,0.4583767331621303
2023-11-10,177.3997039794922,178.56896122763848,176.3239930204615,177.8674068787507,10710700,19425.349609375,-0.0026295031083313513,178.89634704589844,207.54313786583558,164.63140061535125,9.433044298877935,0.4585829935487053
2023-11-13,178.49879455566406,179.08342313358327,177.7270876874424,178.9431179841461,3585902,19443.55078125,-0.0024830428433767226,178.7627171107701,207.54313786583558,164.63140061535125,9.086369370890283,0.4589906358743705
2023-11-15,183.1758270263672,183.45645160429427,179.71482862702376,180.32283665156666,10792518,19675.44921875,0.015821569956296157,179.30391802106584,207.54313786583558,164.63140061535125,11.301774533568038,0.4920648202140882
2023-11-16,185.7248077392578,186.84729174366186,182.07671688349646,183.17582145426735,13843576,19765.19921875,0.013915517150427279,180.13575962611608,207.54313786583558,164.63140061535125,12.688637528304683,0.49575679644017817
2023-11-17,184.92971801757812,186.61345125951388,184.50878827538403,186.14574837415168,7886928,19731.80078125,-0.006532678652049264,180.94422040666853,207.54313786583558,164.63140061535125,12.77657438366799,0.49263365367107054
2023-11-20,187.1746826171875,187.59561231932034,183.9007627312418,183.9007627312418,8610496,19694.0,0.0178026444117054,182.14688110351562,207.54313786583558,164.63140061535125,14.517031755513136,0.4687649804754025
2023-11-21,187.38514709472656,188.29717337656265,187.10452252545713,188.29717337656265,5440248,19783.400390625,-0.004843547385664639,183.46981157575334,207.54313786583558,164.63140061535125,14.118719844579225,0.46526271618998305
2023-11-22,187.1980743408203,188.2971789436118,186.66021889316116,188.2504058018243,5318582,19811.849609375,-0.005590062111801171,184.8695787702288,207.54313786583558,164.63140061535125,14.004964436225602,0.45877838024757184
2023-11-23,188.25039672851562,189.41965385105297,187.31499103048571,187.31499103048571,9677360,19802.0,0.00499375780274667,186.26266479492188,207.54313786583558,164.63140061535125,12.548753762419995,0.4615811863896115
2023-11-24,185.21034240722656,188.71811404372707,184.9998703997728,188.25041115886032,6250566,19794.69921875,-0.016149068322981287,186.55330984933036,207.54313786583558,164.63140061535125,13.524789079330986,0.4623031291054926
2023-11-28,185.60787963867188,186.49651220268626,183.85399394397578,185.67803221182805,8145314,19889.69921875,-0.0003778183790538355,186.53660583496094,207.54313786583558,164.63140061535125,13.525434253392252,0.462566659202095
2023-11-29,190.00428771972656,191.07999859324556,186.14573910757213,186.14573910757213,15544086,20096.599609375,0.020728643216080343,187.26154436383928,207.54313786583558,164.63140061535125,15.150870011978151,0.49195577614550395
2023-11-30,193.18466186523438,193.86283672589119,188.9753360979653,190.33168581927893,19825958,20133.150390625,0.014989496014154793,188.120112827846,207.54313786583558,164.63140061535125,15.935309229983966,0.49392490377595905
2023-12-01,190.65907287597656,193.51206324920693,190.12121742792172,193.51206324920693,9830426,20267.900390625,-0.014743217168617841,188.5878165108817,207.54313786583558,164.63140061535125,16.748861508161117,0.43800409146640285
2023-12-04,190.56553649902344,193.16128166933584,190.23813878693062,193.0209765202438,10662472,20686.80078125,-0.01272110454255652,189.06888253348214,207.54313786583558,164.63140061535125,17.135658444124047,0.34997253936340206
2023-12-05,189.11566162109375,191.2904771497043,188.06333014533132,190.54214969008584,11165368,20855.099609375,-0.007486469903442618,189.19249180385046,207.54313786583558,164.63140061535125,17.321238911923547,0.3391766942882795
2023-12-06,195.85057067871094,196.6222775354103,189.86397983946685,190.23813641448518,22082070,20937.69921875,0.029502151198524937,190.7125244140625,207.54313786583558,164.63140061535125,20.042621464033406,0.3384950210646969
2023-12-07,195.61671447753906,197.13674872034122,194.86838707260486,196.43519445443255,11250552,20901.150390625,-0.004166666666666749,192.1423579624721,207.54313786583558,164.63140061535125,20.063612181041023,0.3332647310259732
2023-12-08,197.65122985839844,198.53986243042826,194.09668529712067,195.8739504411803,15479122,20969.400390625,0.009073587443430006,193.23477826799666,207.54313786583558,164.63140061535125,20.146488196205624,0.34430418181823197
2023-12-11,196.7158203125,197.4641477223684,195.14901292034136,196.43519574965458,10084242,20997.099609375,0.0014285859607514417,193.7392294747489,207.54313786583558,164.63140061535125,19.93616729459106,0.3387840289643833
2023-12-12,197.4641571044922,200.13005489529326,196.5053576586447,196.76260280062473,11903364,20906.400390625,0.00356548599114804,194.71138436453683,207.54313786583558,164.63140061535125,19.739015388921292,0.32994003970989855
2023-12-13,196.27149963378906,198.44631504812236,194.09668421945574,198.09553790796673,9696816,20926.349609375,-0.00920787158277688,195.52652195521765,207.54313786583558,164.63140061535125,20.086097569436905,0.3265293412752376
2023-12-14,203.17013549804688,203.9184629874953,197.95525105380136,198.07217677799144,24681376,21182.69921875,0.02573788405309172,197.53430393763952,207.54313786583558,164.63140061535125,21.570130888229745,0.37374930355087116
2023-12-15,208.8527069091797,210.23243605865005,202.74919028125652,203.94182686776517,41567234,21456.650390625,0.024079808035644912,199.3917519705636,210.23243605865005,164.63140061535125,22.335497016971484,0.4118388517111927
2023-12-18,208.24468994140625,212.10323837939973,206.7246557082573,208.59546707213292,20182072,21418.650390625,-0.0016816143497757295,201.19574846540178,212.10323837939973,164.63140061535125,22.115469659685903,0.4069077875740336
2023-12-19,205.18125915527344,209.2268862124446,203.45075279009401,208.40840617248446,16064694,21453.099609375,-0.01548472576744409,202.27146693638392,212.10323837939973,164.63140061535125,22.82095345316177,0.3880187420497454
2023-12-20,202.02426147460938,210.23244117727268,200.80823115154396,206.72466963371417,26449942,21150.150390625,-0.022737528943368158,203.02981567382812,212.10323837939973,164.63140061535125,23.771072299048647,0.43428041297867687
2023-12-21,202.98304748535156,204.15230467132707,199.80267364876173,200.59775997132968,10663008,21255.05078125,0.011890898055705102,203.81822858537947,212.10323837939973,164.63140061535125,23.967601650784516,0.43205087640622375
2023-12-22,216.38272094726562,218.08983349710155,202.98303713395313,203.5910451303906,46080814,21349.400390625,0.06283024780722823,206.6912602015904,218.08983349710155,164.63140061535125,31.78927157725947,0.38969544819937024
2023-12-26,219.8671112060547,222.53300886977758,209.69457428488164,212.33709251552025,54628644,21441.349609375,0.03546256850994626,209.0765424455915,222.53300886977758,164.63140061535125,33.50005563528901,0.3866904859996329
2023-12-27,220.26466369628906,222.3459328222598,217.06089630781915,219.11878600047044,25262992,21654.75,0.005229481765274869,210.70682198660714,222.53300886977758,164.63140061535125,32.489750645569956,0.385896376393725
2023-12-28,219.5631103515625,223.28133947412243,218.72123665111164,221.0129777793264,16839956,21778.69921875,-0.00656010086978488,212.32373918805803,223.28133947412243,164.63140061535125,32.74638420662743,0.3426198555401087
2023-12-29,220.42835998535156,222.32256519907344,217.9963135914452,220.2646753971037,15961140,21731.400390625,0.0007431268220960198,214.50189644949776,223.28133947412243,164.63140061535125,32.43098122455435,0.3431416053455811
2024-01-01,223.16441345214844,226.13432942330124,219.025240348507,221.223449466849,20347278,21741.900390625,0.008773771451341133,217.52191816057478,226.13432942330124,164.63140061535125,32.28936701848083,0.33887872842194683
2024-01-02,219.44619750976562,223.56197715396402,217.15444197396957,223.56197715396402,14282514,21665.80078125,-0.018410016303281828,219.87379673549108,226.13432942330124,164.63140061535125,32.60790300872017,0.35734747930121263
2024-01-03,213.22572326660156,216.96734601055826,212.80479356253804,216.96734601055826,19534364,21517.349609375,-0.017245096152739125,219.42279706682478,226.13432942330124,164.63140061535125,32.965754814320825,0.3793449346970151
2024-01-04,211.58877563476562,215.07316772719898,211.1210727645415,213.74021169242843,15170336,21658.599609375,-0.010065658869837357,218.24017769949776,226.13432942330124,164.63140061535125,33.105510964805426,0.3684464726796983
2024-01-05,213.55311584472656,216.54641111347786,212.10323421158145,212.82816789157516,16889130,21710.80078125,0.0034062594267161243,217.28138514927454,226.13432942330124,164.63140061535125,31.921680163851217,0.3775070408116425
2024-01-08,210.62998962402344,215.14331944913994,210.02196733125015,213.9740622782207,10082886,21513.0,-0.015628401959528773,216.0052250453404,226.13432942330124,164.63140061535125,32.53786521986551,0.39704218154963544
2024-01-09,210.8170623779297,216.31257093686628,210.4429058023293,214.2079080845076,14465048,21544.849609375,-0.01582969432314418,214.63218252999442,226.13432942330124,164.63140061535125,33.14610027776467,0.38377243761218127
2024-01-10,212.1500244140625,213.27250844598856,209.99858836019487,211.1444660994862,8874676,21618.69921875,0.004762418514452072,213.05869838169642,226.13432942330124,164.63140061535125,33.15396945506187,0.3824076816311397
2024-01-11,209.6244354248047,213.69344189554823,208.92288110848762,212.7814298482315,8638818,21647.19921875,-0.014836794854130746,211.6555895124163,226.13432942330124,164.63140061535125,33.6917158163776,0.37902348112625994
2024-01-12,217.6923065185547,219.3526459975455,212.8048058185143,212.8048058185143,36086734,21894.55078125,0.022967059795672963,212.2936728341239,226.13432942330124,164.63140061535125,34.221320880093195,0.4010222222210102
2024-01-15,231.32583618164062,247.41481162553117,228.7768498989195,239.44048361416074,127844264,22097.44921875,-0.03389003943709128,215.1132529122489,247.41481162553117,164.63140061535125,35.4858256882496,0.3411706470903888
2024-01-16,226.8358917236328,231.51292041896545,224.7312288107331,231.51292041896545,25912492,22032.30078125,-0.02020202020202021,217.0107923235212,247.41481162553117,164.63140061535125,35.07099078527956,0.35023246290341375
2024-01-17,225.61985778808594,229.8759566871802,220.7557508776176,222.22901203837677,28668932,21571.94921875,0.01525833966774602,219.15220206124442,247.41481162553117,164.63140061535125,35.56194792737084,0.27531227458305413
2024-01-18,225.73678588867188,228.7067019485662,219.0720200343425,225.61986017192925,26144924,21462.25,0.0005182421292767716,221.2835911342076,247.41481162553117,164.63140061535125,35.166673050711516,0.26823264612575204
2024-01-19,226.85928344726562,230.74122603857958,226.18112281360038,228.23901269639498,15498620,21622.400390625,-0.006045106981621409,223.3849138532366,247.41481162553117,164.63140061535125,34.28118756125766,0.22947310336472063
2024-01-23,219.77357482910156,227.30359385889423,218.44061880060593,223.5853503488525,19972336,21238.80078125,-0.017048413564679243,224.8347909109933,247.41481162553117,164.63140061535125,34.54765607567193,0.25585145629579875
2024-01-24,224.06219482421875,224.50746587463743,219.37519136128267,220.7578631042886,11708750,21453.94921875,0.014968126948978285,225.7447749546596,247.41481162553117,164.63140061535125,26.486648428342498,0.27465123372849365
2024-01-25,220.28915405273438,224.67150497812025,219.60953285602577,224.06218596985764,12852980,21352.599609375,-0.016839217651972903,224.16810607910156,247.41481162553117,164.63140061535125,22.85693451784587,0.2805977612335151
2024-01-29,221.6952667236328,223.5700681335578,220.28916566618906,220.28916566618906,10051300,21737.599609375,0.006382978723404205,223.43373107910156,247.41481162553117,164.63140061535125,22.92868375185298,0.28568480098359406
2024-01-30,221.46090698242188,226.33538757697656,220.99220665018396,222.35143475295413,11828014,21522.099609375,-0.004005046207692291,222.839595249721,247.41481162553117,164.63140061535125,22.930427863530728,0.2849512716058866
2024-01-31,224.1090545654297,224.92928012330015,219.82044950928383,221.46090062502475,10584480,21725.69921875,0.011957659040178675,222.60706220354353,247.41481162553117,164.63140061535125,23.624236509461788,0.2880127158608277
2024-02-01,220.92190551757812,223.89815550224205,220.5703802667186,223.82783900919088,7828120,21697.44921875,-0.012982895713403338,221.7588653564453,247.41481162553117,164.63140061535125,23.246951879968236,0.294155773718072
2024-02-02,226.45254516601562,228.0226940184346,222.6326406140934,222.6326406140934,16296222,21853.80078125,0.017157881887335538,222.71300397600447,247.41481162553117,164.63140061535125,24.075605665174336,0.3053957366892063
2024-02-05,226.07760620117188,229.42881068757399,224.5777594292722,226.38225855382683,11566604,21771.69921875,-0.001345743056903542,223.00091988699776,247.41481162553117,164.63140061535125,23.611846257871566,0.3124395432523987
2024-02-06,234.18609619140625,235.19379895054476,226.42911214137993,227.17903546338917,29024038,21929.400390625,0.03084378236629276,224.98619733537947,247.41481162553117,164.63140061535125,26.26027943106315,0.3223358952195465
2024-02-07,232.10040283203125,235.1469548942664,230.858335548395,234.79542965631617,9103534,21930.5,-0.011478191156573158,226.47264535086495,247.41481162553117,164.63140061535125,26.41923743752698,0.3243448626212969
2024-02-08,229.1241455078125,234.39702390564375,227.3665193752021,232.42847691568085,11303840,21717.94921875,-0.014216551481628795,227.56739371163505,247.41481162553117,164.63140061535125,26.332919912283693,0.3363532132397413
2024-02-09,229.87408447265625,231.8894901868986,226.2650861803442,230.0849910407426,7893788,21782.5,-0.0009166463537337446,228.3909694126674,247.41481162553117,164.63140061535125,25.854940268799904,0.3359389132210156
2024-02-12,235.02978515625,239.41212177941034,230.1318610080605,230.1318610080605,48873500,21616.05078125,0.021283120584584984,230.40638078962053,247.41481162553117,164.63140061535125,26.959306488116532,0.30414727925724633
2024-02-13,239.78709411621094,240.44327172413398,230.45996031550723,235.80314127087928,22373576,21743.25,0.016895249248418977,232.31131635393416,247.41481162553117,164.63140061535125,27.087654819418468,0.2972946741069367
2024-02-14,241.1463165283203,242.31806733749582,232.96749015883574,236.20153383503916,22594656,21840.05078125,0.020934591799622027,234.4639892578125,247.41481162553117,164.63140061535125,26.887603989144885,0.2977437835522622
2024-02-15,243.0211181640625,245.05995313201026,240.46669567503545,242.29463838279364,14570776,21910.75,0.0029983320560363442,235.72613525390625,247.41481162553117,164.63140061535125,23.73960847050797,0.2953305532010525
2024-02-16,254.5042724609375,255.44167309615275,244.16943617912892,244.8959159499813,34942644,22040.69921875,0.03923444976076559,238.92668805803572,255.44167309615275,164.63140061535125,25.422574401122866,0.31202668314691917
2024-02-19,251.19993591308594,255.86350970133537,249.04389733094627,255.86350970133537,18602758,22122.25,-0.018226803007951927,242.0803724016462,255.86350970133537,164.63140061535125,26.41463474021529,0.30702253245302324
2024-02-20,249.3251190185547,252.23106646843075,246.65352170806872,251.1296036489805,10374126,22196.94921875,-0.007185471582028398,244.85909162248885,255.86350970133537,164.63140061535125,26.66928061947516,0.30465919362964367
2024-02-21,244.38035583496094,251.36397336846022,243.4898137930316,251.1765104066625,13115574,22055.05078125,-0.027057285574588034,246.19488743373327,255.86350970133537,164.63140061535125,28.539236406582635,0.3246513424194725
2024-02-22,248.90330505371094,249.81727642059172,244.4037933190335,245.0365273229982,14596482,22217.44921875,0.01578041352837033,247.49720328194755,255.86350970133537,164.63140061535125,27.974023034181677,0.3287870035204503
2024-02-23,251.29368591308594,253.68404608225237,249.9578728479189,250.75466910670673,19860994,22212.69921875,0.0021495783440420584,248.9468274797712,255.86350970133537,164.63140061535125,27.692270364139343,0.32979408403074945
2024-02-26,249.77041625976562,251.45772599786005,246.5598018483168,251.34055091584798,8820636,22122.05078125,-0.006247040719696921,249.91101292201452,255.86350970133537,164.63140061535125,26.950076016258222,0.320275499635738
2024-02-27,249.0907745361328,251.87954697964815,247.2628319644988,250.28595455272642,10399260,22198.349609375,-0.004775258039267354,249.13765607561385,255.86350970133537,164.63140061535125,27.097473432493175,0.3196919812716757
2024-02-28,242.6461639404297,248.85644324582205,241.38066734166495,248.41117221569402,12789056,21951.150390625,-0.023207524137676912,247.91568865094865,255.86350970133537,164.63140061535125,28.534466795414286,0.35665110796866367
2024-02-29,243.06796264648438,245.71613076812264,240.53699820632337,242.4586579816602,14462764,21982.80078125,0.002513024982882929,247.02180916922433,255.86350970133537,164.63140061535125,28.325037565061972,0.4117654667833931
2024-03-01,243.3023223876953,246.1614114772042,242.57584261994688,244.8490563149495,9420630,22338.75,-0.006317091642226425,246.86780439104353,255.86350970133537,164.63140061535125,27.972479670039778,0.3949068081474795
2024-03-04,243.95852661132812,246.72387005614186,243.04455522823216,245.10684816407954,5662370,22405.599609375,-0.004684983554530071,246.16140747070312,255.86350970133537,164.63140061535125,27.532973334241117,0.39209120886612214
2024-03-05,240.5838623046875,243.9585102427411,239.34180934956996,242.66958439611759,10521548,22356.30078125,-0.008594905276738316,244.63143266950334,255.86350970133537,164.63140061535125,27.734013667308023,0.39337065244888153
2024-03-06,240.51358032226562,241.3103479794192,234.3501596798078,240.771359776474,11091922,22474.05078125,-0.0010706400231642035,243.30902753557478,255.86350970133537,164.63140061535125,25.512626729810485,0.39034434382373007
2024-03-07,241.61502075195312,243.91166381788676,239.27151909577512,240.7947951722908,9707982,22493.55078125,0.003406326034063327,242.2410627092634,255.86350970133537,164.63140061535125,25.231006684609415,0.390145617048609
2024-03-11,241.16973876953125,243.23203157624292,240.11516307211664,242.50555181724107,11131512,22332.650390625,-0.005508381303849595,242.03014482770647,255.86350970133537,164.63140061535125,24.78354933720264,0.3958367511003121
2024-03-12,239.43556213378906,244.8959180193378,237.9825882762082,240.32608988404874,11652760,22335.69921875,-0.00370549760406511,241.51123046875,255.86350970133537,164.63140061535125,24.823043088281587,0.3968925541879378
2024-03-13,236.4124298095703,243.1148527200106,232.85030464850533,240.8182097940147,13580480,21997.69921875,-0.018295044997688935,240.52696010044642,255.86350970133537,164.63140061535125,24.412599458482767,0.3939454004436971
2024-03-14,242.76333618164062,243.20860720655952,232.0769603159742,234.88916223268663,12825472,22146.650390625,0.03352293428146189,240.35621861049108,255.86350970133537,164.63140061535125,26.573012400363787,0.38349433980700803
2024-03-15,242.3180694580078,242.90394486772254,237.34984312290723,241.26349372052132,13649086,22023.349609375,0.004371053909664858,240.60396248953683,255.86350970133537,164.63140061535125,25.471873528436767,0.3779970436685169
2024-03-18,239.13092041015625,243.04455682625522,238.56847427784538,242.786777359379,6393960,22055.69921875,-0.015057891492217666,240.40643964494978,255.86350970133537,164.63140061535125,25.83798527397342,0.37845270571597034
2024-03-19,231.93637084960938,238.56847793542434,231.13957453388622,238.56847793542434,9617386,21817.44921875,-0.027799595081501684,239.0237753731864,255.86350970133537,164.63140061535125,22.46502513310996,0.37830596365958186
2024-03-20,231.30360412597656,234.93603154639464,229.28819850447428,232.49878420093285,8385344,21839.099609375,-0.005140586343554256,237.61432756696428,255.86350970133537,164.63140061535125,21.984874013690032,0.37374386632551465
2024-03-21,234.5610809326172,236.83426604238932,233.6236802923487,234.1861120943506,11644580,22011.94921875,0.0016011574508548415,236.917973109654,255.86350970133537,164.63140061535125,22.08028790818376,0.3863088602308756
2024-03-22,228.30392456054688,230.01467783656372,224.7652286270561,229.31162736941172,28646502,22096.75,-0.004394468873754407,235.7596152169364,255.86350970133537,164.63140061535125,20.499806860221852,0.3837768369409969
2024-03-26,224.90585327148438,230.1084297272015,224.53088443022622,227.78835740258748,18273346,22004.69921875,-0.012654308428980144,233.2085462297712,255.86350970133537,164.63140061535125,19.488697000108157,0.3837307187356036
2024-03-27,221.36715698242188,225.42142622201567,220.87502736437574,224.8355508178661,14320668,22123.650390625,-0.015426358611116152,230.21555873325892,255.86350970133537,164.63140061535125,19.654272299354506,0.3755399891180147
2024-03-28,225.0230255126953,226.40568286851436,222.77325540433438,223.4294472923554,15455150,22326.900390625,0.0071323553795249045,228.2001451764788,255.86350970133537,164.63140061535125,20.13872337075843,0.3835819395604858
2024-04-01,227.2962188720703,227.97582573288165,225.70262639050296,226.71034349019942,6041008,22462.0,0.0025842463685218624,227.53726632254464,255.86350970133537,164.63140061535125,20.30772547465188,0.38718229563783246
2024-04-02,225.53860473632812,226.24165523201043,224.7886813468805,225.89012998416928,6932654,22453.30078125,-0.0015561779873507,226.7136949811663,255.86350970133537,164.63140061535125,19.16154872871595,0.3821352093166278
2024-04-03,226.4759979248047,228.58514934226153,223.07792064112422,224.976151195396,13794516,22434.650390625,0.0066666920979817235,225.55868312290735,255.86350970133537,164.63140061535125,19.38060313716398,0.3688154609537322
2024-04-04,228.4445343017578,230.57712935106778,224.78867750808175,227.69461092511693,16004046,22514.650390625,0.003293549081350504,225.57877022879464,255.86350970133537,164.63140061535125,19.482593121781225,0.3800991739872397
2024-04-05,227.3430938720703,228.32736744538963,226.17134302373762,228.02271508554298,6414344,22513.69921875,-0.0029804978561794203,225.92694745744978,255.86350970133537,164.63140061535125,19.4720764029614,0.379435432128442
2024-04-08,224.9292755126953,230.41307485149022,224.13249356925562,229.66315149608945,26640770,22666.30078125,-0.020612257354113456,226.43582153320312,255.86350970133537,164.63140061535125,20.345138611937948,0.34375511060473407
2024-04-09,223.00759887695312,227.43682247030245,222.72639013748815,226.82751779666413,15801250,22642.75,-0.01684063272753046,226.1479034423828,255.86350970133537,164.63140061535125,20.843909074987558,0.34869203832527723
2024-04-10,223.71066284179688,224.71837999892492,221.74213002867953,223.80440862967825,10771534,22753.80078125,-0.00041887373200271766,225.63568115234375,255.86350970133537,164.63140061535125,20.710608608803682,0.3470607181583601
2024-04-12,220.6406707763672,224.97614864079924,220.28914554411594,222.63264709245757,13170046,22519.400390625,-0.008947368421052529,224.93597630092077,255.86350970133537,164.63140061535125,20.769155255052834,0.3549859747213102
2024-04-15,215.2974853515625,219.51578804540725,214.7584828680686,218.62526033742628,12176472,22272.5,-0.0152213654576223,223.33904593331474,255.86350970133537,164.63140061535125,21.093700855606517,0.3426473462154717
2024-04-16,210.1417999267578,214.89910550859463,208.47790514055137,212.34468293868858,21439424,22147.900390625,-0.010374090753978596,220.724369594029,255.86350970133537,164.63140061535125,20.640900055998372,0.4092457632542763
2024-04-18,208.26699829101562,213.46957490953062,207.56394778320546,212.08690318939765,21986258,21995.849609375,-0.018011036235324594,217.99921308244978,255.86350970133537,164.63140061535125,15.767975930526735,0.41685662015310926
2024-04-19,212.20407104492188,212.74307355516106,204.82204096439725,206.22814193211624,20470106,22147.0,0.028977272727272674,216.18132672991072,255.86350970133537,164.63140061535125,19.814565663085055,0.5201155583228187
2024-04-22,216.53955078125,218.48465427495057,210.9151468648539,212.20407276236133,18881740,22336.400390625,0.020430701270016574,215.257319859096,255.86350970133537,164.63140061535125,21.503368851549855,0.5368364048233835
2024-04-23,216.58642578125,218.78930875443902,215.69589801321194,218.78930875443902,10322712,22368.0,-0.01006851287994814,214.23957170758928,255.86350970133537,164.63140061535125,19.87437354311135,0.5435677790569122
2024-04-24,215.55526733398438,217.78159378196187,214.9459626591351,217.43006855333385,5915168,22402.400390625,-0.00862254807636969,213.5130855015346,255.86350970133537,164.63140061535125,19.948670969944043,0.5312357751597526
2024-04-25,216.0708465576172,216.79732632894198,213.63359918303325,215.08657302928142,11805090,22570.349609375,0.004576173744707745,213.62356567382812,255.86350970133537,167.9053347013327,20.07250027373447,0.5212919066396445
2024-04-26,217.7581787109375,223.0076138858216,216.35207770458655,216.492682083782,21478294,22419.94921875,0.00584544759192256,214.7116197858538,255.86350970133537,167.9053347013327,20.32370443588541,0.49920707682200416
2024-04-29,216.9848175048828,219.35174838460202,216.3520692161306,219.1877004129109,7249940,22643.400390625,-0.010050212233069004,215.95702253069197,255.86350970133537,167.9053347013327,20.186805453724794,0.48207264696936575
2024-04-30,216.72702026367188,218.76586947082558,216.30519284581896,217.00824331010656,8902956,22604.849609375,-0.0012959095108328194,216.60315813337053,255.86350970133537,170.08014128734465,19.66332219836513,0.48758154368925444
2024-05-02,214.38352966308594,217.00825439117196,213.46957259500175,216.7270313303772,14937276,22648.19921875,-0.010813148931657012,216.29515511648995,255.86350970133537,173.30729779007976,19.576516832133255,0.4737486884147892
2024-05-03,214.36007690429688,216.539530355598,212.41497359407325,215.78960704343055,9730626,22475.849609375,-0.006624647770204999,215.97710527692522,255.86350970133537,174.0088513067513,19.50407556135917,0.47282386270028426
2024-05-06,214.9694061279297,216.82077817555523,213.72735309892985,215.03970831757135,6918126,22442.69921875,-0.00032692654855094616,215.8934108189174,255.86350970133537,174.0088513067513,19.523827875489204,0.4598951743710712
2024-05-07,217.43006896972656,218.10969013448153,212.78993880367014,216.44579546696352,9278528,22302.5,0.004547436463894152,216.08758544921875,255.86350970133537,174.0088513067513,19.39954124017584,0.44913068691123387
2024-05-08,217.10198974609375,218.6018221589237,216.21144771244036,217.9456445843357,8205680,22302.5,-0.0038709414902553256,215.99384416852678,255.86350970133537,175.41194505097747,19.24144349078011,0.4311631005949506
2024-05-09,213.6804656982422,217.66441828159637,212.81336727526312,216.42236533691735,9233484,21957.5,-0.012669206504635919,215.52179391043526,255.86350970133537,175.41194505097747,19.477986395793632,0.4397201670679557
2024-05-10,211.78224182128906,214.43039576067383,211.05574774529595,213.7507745772607,6654714,22055.19921875,-0.009209476596587052,214.81539699009485,255.86350970133537,175.41194505097747,18.658346198696666,0.420727429400949
2024-05-13,211.82911682128906,212.43842152009475,208.57164385315423,211.78224392824276,7111608,22104.05078125,0.00022132588727400795,214.45048086983817,255.86350970133537,175.41194505097747,18.07847267024323,0.4211613532632153
2024-05-14,213.8914031982422,215.55528368519123,211.94629964633856,212.18064981653416,4909420,22217.849609375,0.00806272100300977,214.38352748325892,255.86350970133537,175.41194505097747,18.46269613739855,0.4798350150673079
2024-05-15,214.80535888671875,215.484980097318,213.09460551610587,213.89140181104298,4793424,22200.55078125,0.004272995865832794,214.36009216308594,255.86350970133537,175.41194505097747,18.453040656285793,0.4676048717853146
2024-05-16,217.6878662109375,219.11739644491414,213.77421573457067,216.5395447220328,14621472,22403.849609375,0.005303056725175945,214.39692034040178,255.86350970133537,175.41194505097747,17.951171705354852,0.46852684063319444
2024-05-17,216.0708465576172,217.66442477779964,215.62557553416096,217.66442477779964,6876820,22466.099609375,-0.0073212617165585876,214.24961417061942,255.86350970133537,175.41194505097747,17.779305015002997,0.4637773120481369
2024-05-21,216.0239715576172,217.85189991892292,215.46153976376843,217.00824507635056,8467448,22529.05078125,-0.00453565033156724,214.5844007219587,255.86350970133537,175.41194505097747,16.715981293303482,0.4631978803355584
2024-05-22,216.21144104003906,217.21915812032728,215.06313389584702,216.96136437511018,7765884,22597.80078125,-0.003456483310892876,215.21714346749442,255.86350970133537,175.41194505097747,12.945401951199212,0.4808487515326063
2024-05-23,218.3206024169922,219.35174883809788,216.4223718504096,216.77389708893222,13171332,22967.650390625,0.007135108741554018,216.14449855259485,255.86350970133537,175.41194505097747,10.708063942815738,0.4946221418983182
2024-05-24,217.31289672851562,220.52349672540754,216.53954407468288,218.88304563393268,8205526,22957.099609375,-0.007173460607099858,216.63328334263392,255.86350970133537,175.41194505097747,10.489123738648972,0.48075022441742116
2024-05-27,212.06346130371094,216.6098457354718,211.6650631788849,216.53954354958444,40983758,22932.44921875,-0.02067096924885011,216.24158368791853,255.86350970133537,175.41194505097747,12.123106482111433,0.46408617781743366
2024-05-28,213.75076293945312,214.3132090125929,212.36810565701444,212.78993306007035,15778126,22888.150390625,0.004515391614468576,215.67914036342077,255.86350970133537,175.41194505097747,12.118486565818534,0.45898759850911436
2024-05-29,211.29010009765625,213.49299733939245,210.68079539858815,212.78994685419138,9756036,22704.69921875,-0.007048485037513847,214.99617658342635,255.86350970133537,175.41194505097747,11.78230671516264,0.4583294394386338
2024-05-30,204.79859924316406,210.680782213103,203.93150083829713,210.44643206603615,20724568,22488.650390625,-0.026837389293917095,213.3925519670759,255.86350970133537,175.41194505097747,14.172209969223443,0.4847702973623922
2024-05-31,205.38449096679688,207.23584869390075,204.11899435041784,205.0798243084693,21438004,22530.69921875,0.0014856003478396795,211.84584481375558,255.86350970133537,175.41194505097747,14.275925828019437,0.45971965676312637
2024-06-03,208.1498260498047,211.17293469252593,206.95463158804097,211.00890101467547,8964424,23263.900390625,-0.013549546730599481,210.39287676130022,255.86350970133537,175.41194505097747,14.46946617631848,0.3295093761108004
2024-06-04,205.36105346679688,208.99348114347896,195.448044022765,208.99348114347896,17730732,21884.5,-0.01738057884297519,208.6854705810547,255.86350970133537,175.41194505097747,15.161735726726988,0.35085819848142885
2024-06-05,211.61819458007812,213.25864570085392,205.78286987187903,206.087536522902,12267428,22620.349609375,0.026836450910564903,208.62186104910714,255.86350970133537,175.41194505097747,18.662571100491622,0.4307554987193037
2024-06-06,216.0708465576172,216.53954687552957,212.13376674787273,213.23521535568656,15425568,22821.400390625,0.01329813744507752,208.95330156598772,255.86350970133537,175.41194505097747,19.364918952725343,0.43808779543514303
2024-06-07,227.10873413085938,227.97583258280136,219.49235393769075,220.28915020241553,72672440,23290.150390625,0.03095742083610375,211.2131064278739,255.86350970133537,175.41194505097747,22.643930489546413,0.47531654735751383
2024-06-10,222.7498321533203,228.9132386409775,221.8593043857575,228.9132386409775,18311752,23259.19921875,-0.026924639764167372,213.77756827218192,255.86350970133537,175.41194505097747,24.039480755528903,0.4677710670259979
2024-06-11,223.12478637695312,224.6012038593448,222.32800439810572,224.6012038593448,9371714,23264.849609375,-0.006573506539690079,216.31189618791853,255.86350970133537,175.41194505097747,23.957087900946366,0.4674947200285669
2024-06-12,223.523193359375,227.03844597344653,222.89044502812223,224.03876660349206,13875116,23322.94921875,-0.00230126799898669,218.50809151785714,255.86350970133537,175.41194505097747,23.94520394509082,0.46752299865608055
2024-06-13,226.1947784423828,227.48370432893392,224.1090562863424,224.97615474346927,12995932,23398.900390625,0.00541667938232428,221.48433794294084,255.86350970133537,175.41194505097747,23.822386579668517,0.4538198947657475
2024-06-14,223.8043975830078,227.6008729472298,223.19509290265046,227.3196499010655,11322596,23465.599609375,-0.015463917525773094,223.2252240862165,255.86350970133537,175.41194505097747,24.13394003898407,0.4564820109420155
2024-06-18,230.53025817871094,231.06926069283247,224.99958575035404,225.44485678144505,31870984,23557.900390625,0.022557185246394277,225.29085431780135,255.86350970133537,175.41194505097747,25.58399173602644,0.4569623937766138
2024-06-19,232.35818481445312,233.01436240505006,228.13988191313175,230.7177336861615,20880284,23516.0,0.007110208227526574,226.040775844029,255.86350970133537,175.41194505097747,25.71094511556708,0.45478149014661273
2024-06-20,229.8506317138672,233.17840681251423,228.84292889690465,233.17840681251423,12571126,23567.0,-0.014271369052292723,227.05517578125,255.86350970133537,175.41194505097747,26.071929881040735,0.43475239727309317
2024-06-21,229.9209442138672,234.7954391534893,229.24133730850002,233.3893381448135,95171176,23501.099609375,-0.014860978477064147,228.02605547223772,255.86350970133537,175.41194505097747,26.447918851147463,0.4366710298068113
2024-06-24,229.9209442138672,231.95979353716695,229.40538528689868,229.71003764472528,9934518,23537.849609375,0.0009181425910003319,228.94001988002233,255.86350970133537,175.41194505097747,26.24771612613047,0.43478475137463557
2024-06-25,232.87374877929688,233.41275126789063,229.33505290381956,229.92092828350803,9258210,23721.30078125,0.012842765196858525,229.89415849958147,255.86350970133537,175.41194505097747,26.74395695137725,0.44052245863639145
2024-06-26,232.10040283203125,234.30328574102677,231.4442109449787,232.873755494802,12812090,23868.80078125,-0.0033209094821679457,231.07930210658483,255.86350970133537,175.41194505097747,25.870847830417475,0.4361686930104538
2024-06-27,239.41212463378906,239.951141460201,229.28820887292332,230.67086627460867,42137138,24044.5,0.0378949387946292,232.348140171596,255.86350970133537,175.41194505097747,29.15538228449514,0.4376516783004313
2024-06-28,241.3103485107422,241.98996969674948,237.09205993081633,239.97456404050502,16405832,24010.599609375,0.0055663585662841615,233.62702069963728,255.86350970133537,175.41194505097747,29.070485212157422,0.4303350151586556
2024-07-01,247.16909790039062,251.12962125518663,240.95881877116275,242.73990284115155,30757528,24141.94921875,0.018246670643752926,236.10108729771204,255.86350970133537,175.41194505097747,27.774769572978997,0.43007282616795484
2024-07-02,252.25453186035156,255.44168849072264,247.6143869935121,248.08308733936664,36276968,24123.849609375,0.016814707385830657,239.2915998186384,255.86350970133537,175.41194505097747,28.156292920468623,0.42027712746924506
2024-07-03,252.6294708251953,255.65259359083234,250.9890197159408,253.98871318717073,16049384,24286.5,-0.005351585686304723,242.53567504882812,255.86350970133537,175.41194505097747,27.65148556242856,0.41964176383305757
2024-07-04,248.7392578125,257.2227218978826,247.98932015949612,253.75435680202736,19524632,24302.150390625,-0.019763597570228168,244.80217633928572,257.2227218978826,175.41194505097747,27.899008398518422,0.41442048764391026
2024-07-05,250.80152893066406,251.4577208192969,248.1533892960466,249.04390273668014,10376090,24323.849609375,0.007057495384025936,247.47376578194755,257.2227218978826,175.41194505097747,26.69853247974944,0.41264884404943614
2024-07-08,253.66061401367188,254.50426885196282,250.75466636427274,251.1999373811253,12176360,24320.55078125,0.00979568967333457,249.50926426478796,257.2227218978826,175.41194505097747,26.560915655535176,0.4274202067641961
2024-07-09,253.56686401367188,255.41823593262316,251.97327154002355,254.9729649231747,8681444,24433.19921875,-0.005514705882352979,251.26019505092077,257.2227218978826,175.41194505097747,24.690419698822712,0.4260645473001243
2024-07-10,251.012451171875,254.66830795396993,249.23139567364385,253.56687364257888,9233748,24324.44921875,-0.010073959717248119,251.80924551827567,257.2227218978826,175.41194505097747,22.876132006197345,0.4293715441504902
2024-07-11,250.33282470703125,252.88724712387784,248.41116487446595,251.55146268016742,8807618,24315.94921875,-0.004844487724905791,251.5347159249442,257.2227218978826,175.41194505097747,22.80005556995249,0.42463583499520013
2024-07-12,262.5425109863281,264.7219504369816,253.8246673621174,255.44168928176285,54186042,24502.150390625,0.027798209934059643,252.95086451939173,264.7219504369816,175.41194505097747,24.36397717358153,0.4163750293981351
2024-07-15,262.3315734863281,265.7062214945412,260.66769308026113,265.7062214945412,16099478,24586.69921875,-0.012700673658416343,254.8926239013672,265.7062214945412,175.41194505097747,25.006797937472065,0.40675222642462694
2024-07-16,262.3315734863281,263.69078724307144,260.784868159663,263.3392620048659,11239032,24613.0,-0.0038265791088877895,256.5397731236049,265.7062214945412,175.41194505097747,24.24462489231659,0.3978334985599797
2024-07-18,268.65899658203125,269.2214426192982,260.761379982961,260.8551257570378,25019786,24800.849609375,0.02991649407825718,258.6823992047991,269.2214426192982,175.41194505097747,25.0952060184757,0.3995570471015838
2024-07-19,261.1598205566406,271.79932340076317,259.98806977220414,271.79932340076317,26523490,24530.900390625,-0.039144699519486265,259.76710728236606,271.79932340076317,175.41194505097747,29.115682621283913,0.4148160107814019
2024-07-22,237.06861877441406,246.88789630919507,235.0766423922326,244.19286943918488,76014568,24509.25,-0.029174687537487965,257.77513122558594,271.79932340076317,175.41194505097747,30.55990262150739,0.41034865924117614
2024-07-23,234.6079559326172,238.0997792833103,227.95241950331436,238.0997792833103,25847632,24479.05078125,-0.014665378360297729,255.52872140066964,271.79932340076317,175.41194505097747,30.54728841124643,0.4118815060142718
2024-07-24,234.3970184326172,237.32639525190206,234.27984335984578,235.52189627050302,12240276,24413.5,-0.004776107256685306,251.50793675013952,271.79932340076317,175.41194505097747,30.61000433182692,0.41069957625578524
2024-07-25,237.5607452392578,237.86539756754104,231.20984771711852,232.475344223646,21887890,24406.099609375,0.021875012305475065,247.96924700055803,271.79932340076317,175.41194505097747,31.2187307823816,0.40696321390659795
2024-07-26,245.9739227294922,247.73154893317167,238.33411321893814,239.03716370040993,26153996,24834.849609375,0.02901958390778194,245.63243974958147,271.79932340076317,175.41194505097747,32.6280528576076,0.4422358499150627
2024-07-29,245.7864532470703,248.6689429803416,245.05994488305888,247.47376291497562,12011554,24836.099609375,-0.006818135579427134,242.36493355887276,271.79932340076317,175.41194505097747,30.1092372959261,0.4425667766538071
2024-07-30,244.42721557617188,246.98163802798547,243.60699002054713,245.7864579398003,10816526,24857.30078125,-0.005530175970725532,239.9745614188058,271.79932340076317,175.41194505097747,30.11699214162909,0.4443764480153917
2024-07-31,244.66156005859375,246.02080239068675,243.46637999813763,244.56781427582933,7758508,24951.150390625,0.0003833120193758879,241.05926731654577,271.79932340076317,175.41194505097747,29.373977142997575,0.4420716488898036
2024-08-01,244.4506378173828,246.91131441325822,242.5524073077182,245.13025897958767,10759752,25010.900390625,-0.0027724898796008947,242.46536472865515,271.79932340076317,175.41194505097747,28.658043665211764,0.4421737523933183
2024-08-02,235.3578643798828,243.3726427654742,234.81886186904686,241.3806663923336,15652228,24717.69921875,-0.0249514681621663,242.60262843540735,271.79932340076317,175.41194505097747,29.742487214995357,0.464284323302283
2024-08-05,227.3196563720703,232.4050577310106,225.09332984059128,229.66315798415351,21938080,24055.599609375,-0.010204081632653073,241.13961574009485,271.79932340076317,175.41194505097747,29.23535915057777,0.46346409241028097
2024-08-06,229.42880249023438,234.04550341945009,228.069574447539,229.545977568115,11271584,23992.55078125,-0.0005104645227157641,238.7760271344866,271.79932340076317,175.41194505097747,29.04575399814006,0.4553455432880112
2024-08-07,233.1315460205078,234.39704265867312,230.90521940774983,233.74086504405375,7079826,24297.5,-0.002606814274564681,236.96818324497767,271.79932340076317,175.41194505097747,28.688972032501376,0.45354334522778383
2024-08-08,228.3976593017578,231.5379571546469,227.9524025816965,231.5379571546469,13160570,24117.0,-0.013562777747026807,234.6782466343471,271.79932340076317,175.41194505097747,28.902223614489188,0.4589485298586642
2024-08-09,230.27244567871094,232.6862636038011,229.499093064547,232.1706904264926,6065948,24367.5,-0.008176074009577289,232.6226588657924,271.79932340076317,175.41194505097747,28.85671929138941,0.4494840698645018
2024-08-12,229.21788024902344,231.53795249853513,228.44452760038564,230.38963102077716,7338468,24347.0,-0.005085952725225077,230.44655064174108,271.79932340076317,175.41194505097747,28.85816903354876,0.4516459832980994
2024-08-13,229.8975067138672,230.92865313820266,228.3273577828285,229.21788552915535,6289418,24139.0,0.002964957045751083,229.666499546596,271.79932340076317,175.41194505097747,26.652074142451372,0.442879032040812
2024-08-14,232.07696533203125,232.873761613761,229.87408236515307,231.06926248414877,11121756,24143.75,0.004361042386378034,230.3461151123047,271.79932340076317,175.41194505097747,26.66839416744829,0.44321905008380214
2024-08-16,241.966552734375,242.52899886895034,233.38934215549696,234.81887248411016,25931140,24541.150390625,0.030439121756487074,232.13722229003906,271.79932340076317,175.41194505097747,29.211359426813814,0.463829353016306
2024-08-19,243.6069793701172,245.22400111623534,240.77134829465552,241.8493532563357,11466562,24572.650390625,0.00726744186046507,233.6337127685547,271.79932340076317,175.41194505097747,27.033087656285463,0.46342241100968595
2024-08-20,245.90362548828125,247.28626849680413,243.56012397255262,243.67729904833905,9543812,24698.849609375,0.009136371950267534,236.13456508091517,271.79932340076317,175.41194505097747,23.995235466653387,0.46209575276690085
2024-08-21,246.7003936767578,247.520619209121,244.21628778589715,245.31775066510264,6454402,24770.19921875,0.005636131131589828,238.48141479492188,271.79932340076317,175.41194505097747,21.795100010641658,0.4620483113367751
2024-08-22,243.25546264648438,248.6689455446344,242.81019162732986,247.3800196828274,11496506,24811.5,-0.016672959447700045,240.48678370884485,271.79932340076317,175.41194505097747,21.98191508299214,0.45968594385934636
2024-08-23,240.16204833984375,244.40378038951596,239.66990443617465,243.677300636345,11277706,24823.150390625,-0.014425850447790694,241.9531467982701,271.79932340076317,175.41194505097747,22.518508104825223,0.45990058253863725
2024-08-26,243.7241668701172,245.97392268901726,241.82593629189515,241.84936558650088,17351380,25010.599609375,0.0077519379844962115,243.61703273228235,271.79932340076317,175.41194505097747,21.28674142072796,0.45972675644612315
2024-08-27,242.3883819580078,245.2474424674489,241.84936514706857,243.72416642727842,7965796,25017.75,-0.0054807222806490695,243.6772940499442,271.79932340076317,175.41194505097747,18.377034598044997,0.4477500315788986
2024-08-28,250.56719970703125,252.20765095848034,242.7164687179534,243.72418592958056,34375566,25052.349609375,0.028076876126802826,244.67161124093192,271.79932340076317,175.41194505097747,21.079324302528487,0.43630779791575375
2024-08-29,252.48886108398438,254.01213708162365,250.30939321371423,250.75466422677115,25685318,25151.94921875,0.006915910667348111,245.61235918317522,271.79932340076317,175.41194505097747,21.15814178757889,0.5061171538560546
2024-08-30,252.3482666015625,254.03557632987824,251.0827700017269,253.8949719537182,19434804,25235.900390625,-0.0060919101321850605,246.41919817243303,271.79932340076317,175.41194505097747,21.25923498866383,0.5724886396287981
2024-09-02,249.5594940185547,254.03557640536468,249.27825665895344,252.34826667654755,15735982,25278.69921875,-0.011051285173150923,247.3197740827288,271.79932340076317,175.41194505097747,21.56779692300514,0.5541253543308816
2024-09-03,251.246826171875,253.49658221349424,248.17684448747377,249.81729577303778,15056686,25279.849609375,0.005722303551536168,248.90331377301897,271.79932340076317,175.41194505097747,19.778645875242976,0.5460873097541513
2024-09-04,243.32577514648438,247.5909364854662,242.20088296992836,247.47376140904146,20402128,25198.69921875,-0.01676131739760891,248.84640066964286,271.79932340076317,175.41194505097747,20.355572191905722,0.511580374467173
2024-09-05,245.99734497070312,246.53636176725539,243.48980976823037,244.2866060124916,12069118,25145.099609375,0.007002999411781271,249.3619668143136,271.79932340076317,175.41194505097747,20.48047024773175,0.5068685377291418
2024-09-06,244.00537109375,248.36430688306228,242.99768258681615,245.99734742064334,14579954,24852.150390625,-0.008097552058100673,248.42456272670202,271.79932340076317,175.41194505097747,20.680580771817244,0.5067356352086743
2024-09-09,241.3103485107422,244.54439216432323,240.6541852265123,242.36492423162332,11919540,24936.400390625,-0.004351189530516782,246.827632359096,271.79932340076317,175.41194505097747,20.13192483633659,0.5050667691196937
2024-09-10,246.419189453125,247.4737651569187,240.91196077775797,242.22431593215074,10287272,25041.099609375,0.017318135484586435,245.98062133789062,271.79932340076317,175.41194505097747,20.613689690957617,0.5066062482148536
2024-09-11,241.0760040283203,246.65354941522062,240.5604451066261,246.0676740009327,8261524,24918.44921875,-0.02028576078869045,244.76869419642858,271.79932340076317,175.41194505097747,21.91482544207641,0.5244887223391542
2024-09-12,248.43460083007812,249.34857218263818,242.66959257060324,243.93508916590199,15779474,25388.900390625,0.018445528601733843,244.366947719029,271.79932340076317,175.41194505097747,22.69641181130775,0.5393645746547846
2024-09-13,258.06640625,258.95694837507466,248.8095741587643,250.19224593940146,35919706,25356.5,0.03147243944764669,246.4727521623884,271.79932340076317,175.41194505097747,24.87031049090372,0.5146330593975184
2024-09-16,258.67572021484375,260.99576393249436,257.31647783259405,259.19127912827776,11088578,25383.75,-0.0019891059420207116,248.28394862583704,271.79932340076317,175.41194505097747,22.89065929566502,0.520405463895671
2024-09-17,258.67572021484375,260.08182118660653,256.4025064795087,257.31647783259405,8728238,25418.55078125,0.005282375981898855,250.3797127859933,271.79932340076317,175.41194505097747,22.842100110350877,0.5162396814205825
2024-09-18,252.23109436035156,257.33991079967575,249.65324254199962,257.33991079967575,16665520,25377.55078125,-0.01985240619478222,251.9398193359375,271.79932340076317,175.41194505097747,23.85213177725232,0.5171723522947775
2024-09-19,249.98130798339844,258.46480106712386,248.01278949559256,255.06672369609075,20969182,25415.80078125,-0.01993758981572025,252.44869341169084,271.79932340076317,175.41194505097747,24.773208666716737,0.503757424469036
2024-09-20,252.6763458251953,253.44971284123818,248.87988445436426,252.11392829410843,16664232,25790.94921875,0.002230807059698741,254.1058850969587,271.79932340076317,175.41194505097747,24.10449750230064,0.4972688496840013
2024-09-23,250.70782470703125,253.28567659140745,249.3485822705716,252.67634326025052,8544290,25939.05078125,-0.007790672161151796,254.43063136509485,271.79932340076317,175.41194505097747,23.707341860520383,0.4823901846265638
2024-09-24,252.88723754882812,253.98870040248872,248.1064888353461,249.4423018356755,12355694,25940.400390625,0.013810551329108738,253.6907501220703,271.79932340076317,175.41194505097747,24.03452015253181,0.4798248385613646
2024-09-25,251.31712341308594,252.81697019497548,248.7627008855675,252.53573283182234,8065196,26004.150390625,-0.00482549303051678,252.6395220075335,271.79932340076317,175.41194505097747,24.014370869882505,0.4740392573135431
2024-09-26,253.9887237548828,254.5511412728415,251.08277594757047,252.4888769568637,11403400,26216.05078125,0.005940248996692877,251.96995108468192,271.79932340076317,175.41194505097747,21.97539681500505,0.4878469196835538
2024-09-27,253.94183349609375,261.9566263167798,253.426274575113,257.2696230089627,26462384,26178.94921875,-0.012935026972667558,252.21434238978796,271.79932340076317,175.41194505097747,22.22536487742296,0.49603190650751144
2024-09-30,253.77780151367188,255.20733181063895,250.28597830464867,252.16077964026402,8199446,25810.849609375,0.0064126620948535915,252.75669860839844,271.79932340076317,175.41194505097747,22.30576343353483,0.46613268891242804
2024-10-01,256.26190185546875,257.5976863344701,253.19192045820077,253.19192045820077,9411274,25796.900390625,0.012125115966229266,253.2689208984375,271.79932340076317,175.41194505097747,22.39241478637685,0.46145746266021537
2024-10-03,248.48147583007812,254.22305451298524,246.65353321468234,253.14502093574376,14035368,25250.099609375,-0.018422424776228918,252.95087105887276,271.79932340076317,175.41194505097747,23.21957339172321,0.48280357449754013
2024-10-04,250.07505798339844,254.01215223973594,247.49720614125317,247.49720614125317,11922754,25014.599609375,0.010415680574082993,252.54913112095423,271.79932340076317,175.41194505097747,22.758454805588055,0.46363834151330485
2024-10-07,249.0907745361328,253.89495250273478,246.51292294429763,252.16075571042475,9878074,24795.75,-0.01217469849994196,252.23108128138952,271.79932340076317,175.41194505097747,23.04326216212572,0.46734667897216337
2024-10-08,246.98165893554688,250.19224493932543,243.86479011744396,249.13766913567852,11502804,25013.150390625,-0.00865389086929885,251.23007202148438,271.79932340076317,175.41194505097747,23.067644106482778,0.4534084818895998
2024-10-09,248.95018005371094,252.48886165790805,247.70811279454935,248.31741747355073,8841688,24981.94921875,0.002548200551528376,250.51697867257255,271.79932340076317,175.41194505097747,23.041399186532868,0.44055523021371495
2024-10-10,246.0676727294922,251.9732854321209,245.3411929409685,250.75467601957777,12620244,24998.44921875,-0.018691588785046804,249.415531703404,271.79932340076317,175.41194505097747,22.99964394357442,0.4423609721877328
2024-10-11,247.6143798828125,250.4734690747405,243.88820651883304,243.88820651883304,8436982,24964.25,0.01527820232542372,248.180171421596,271.79932340076317,175.41194505097747,22.686841028398767,0.4346258142422416
2024-10-14,257.5742492675781,258.65225425758405,251.36397016903481,252.48886235429111,33136266,25127.94921875,0.02014103460195888,249.47913905552454,271.79932340076317,175.41194505097747,22.868003306925672,0.43060679793415174
2024-10-15,249.7938232421875,259.1209417728941,248.809535476888,259.1209417728941,21601252,25057.349609375,-0.03599523244586444,249.43896266392298,271.79932340076317,175.41194505097747,23.116950899796805,0.39608034588342655
2024-10-16,249.41888427734375,252.535724210365,247.94246684098837,249.81726810254594,12553622,24971.30078125,-0.0015947009117026217,249.485835484096,271.79932340076317,175.41194505097747,23.119945584362974,0.40338212666632567
2024-10-17,247.82530212402344,252.16078022264702,246.09110516313436,250.73124992237834,23755278,24749.849609375,-0.011589890766526023,249.60635593959265,271.79932340076317,175.41194505097747,23.080960136011846,0.41189142026590875
2024-10-18,257.1524353027344,261.7222633035247,245.97391579802175,249.34856373542928,74653054,24854.05078125,0.03129703837229788,250.77810668945312,271.79932340076317,175.41194505097747,25.33931903436224,0.4114183114063513
2024-10-21,256.8946228027344,263.3627098238487,256.37906391598284,258.53507385155694,23966964,24781.099609375,-0.006345177945815071,252.32481384277344,271.79932340076317,175.41194505097747,24.520321738298446,0.42281713131796256
2024-10-22,255.65260314941406,260.36303578923787,254.90266544996865,257.69143816141,18478300,24472.099609375,-0.007911923758673322,253.47313145228796,271.79932340076317,175.41194505097747,24.608916295662016,0.3815931514657697
2024-10-23,256.47283935546875,259.8943462172314,254.129337586152,256.6134437401879,12698576,24435.5,-0.000547922909532016,253.31578717912947,271.79932340076317,175.41194505097747,24.498806115424976,0.38220712390032646
2024-10-24,256.33221435546875,258.01952405079675,255.51198880217376,256.47281872887993,9576604,24399.400390625,-0.0005482232936341429,254.24984305245536,271.79932340076317,175.41194505097747,23.900163951762348,0.3832354602091864
2024-10-25,254.7152099609375,258.7225922167683,253.3325382122523,257.668016433276,10124540,24180.80078125,-0.011459732229138193,255.00646100725447,271.79932340076317,175.41194505097747,24.118345844991325,0.3911342995408355
2024-10-28,261.8160095214844,262.37845567464154,254.3636909655511,254.71521623537433,11185858,24339.150390625,0.02787738161487937,257.00513349260603,271.79932340076317,175.41194505097747,26.14432221453273,0.40570121988052815
2024-10-29,263.5033264160156,264.0657725231426,259.3084528179905,262.37843420176176,12055630,24466.849609375,0.004287289150406511,257.91240365164623,271.79932340076317,175.41194505097747,25.8316431811961,0.3830414848951473
2024-10-30,264.932861328125,271.26031577824386,262.9877435172464,263.6439354216193,20755492,24340.849609375,0.0048888888888889495,259.0607234409877,271.79932340076317,175.41194505097747,25.788079573451743,0.37610993508012885
2024-10-31,258.62884521484375,265.42500023219804,256.98839400375823,264.7219497131614,15680094,24205.349609375,-0.023016997664605472,259.48590087890625,271.79932340076317,175.41194505097747,26.527394368804014,0.38756362085605817
2024-11-01,258.41790771484375,260.08181672195786,257.7851737312912,258.58196998971823,1962810,24304.349609375,-0.0006344691197186147,259.7637677873884,271.79932340076317,175.41194505097747,25.83945049144049,0.40155993479971896
2024-11-04,253.47312927246094,258.9334994850865,250.3797185796895,258.25387829445106,9855560,23995.349609375,-0.01851181888753397,259.3553270612444,271.79932340076317,175.41194505097747,26.16064507481796,0.41341583912948043
2024-11-05,254.83238220214844,255.60572060375378,253.2856767917391,254.5042862406195,6862260,24213.30078125,0.0012891569190262447,259.37206595284596,271.79932340076317,176.3239930204615,25.94460878530349,0.43172963954367677
2024-11-06,264.3001403808594,265.2140831830394,253.5668908591009,256.59001385603284,19554884,24484.05078125,0.03004842787511022,259.72694178989957,271.79932340076317,176.3239930204615,28.036850810000374,0.45958385659768053
2024-11-07,264.0657653808594,267.01857160441347,259.8708918962945,265.2843747406764,11997142,24199.349609375,-0.00459359644158562,259.80729021344865,271.79932340076317,176.3239930204615,28.06543776057958,0.4669657375587777
2024-11-08,266.69049072265625,271.2837482860708,264.81568938189946,264.81568938189946,20852658,24148.19921875,0.007079646017699037,260.0583801269531,271.79932340076317,176.3239930204615,27.348429857732853,0.4638709886245654
2024-11-11,268.79962158203125,273.34602020555536,265.3077986316712,266.6904702357032,16139444,24141.30078125,0.007908611599297085,261.51134817940846,273.34602020555536,176.3239930204615,26.977752934815936,0.4192838892425576
2024-11-12,267.4638671875,271.7055996496908,266.71392946032864,269.5027022748737,11260890,23883.44921875,-0.007565174932065121,262.80362810407365,273.34602020555536,176.3239930204615,26.140074149078302,0.4225170380740362
2024-11-13,266.69049072265625,268.84650082164734,265.0734688448139,267.1591910578455,11391200,23559.05078125,-0.0017543859649123677,264.69182259695873,273.34602020555536,176.3239930204615,22.79977184869472,0.4093990483788858
2024-11-14,265.61248779296875,269.29177401068847,264.4407369456442,266.66706355556084,9783520,23532.69921875,-0.00395465322387806,266.2318376813616,273.34602020555536,176.3239930204615,22.846730898590398,0.40731057910441126
2024-11-18,259.1209716796875,265.61248855685375,253.23878813064115,265.61248855685375,15289764,23453.80078125,-0.024439802934103205,265.49195643833707,273.34602020555536,176.3239930204615,24.120991726999726,0.4179467841733047
2024-11-19,263.4095764160156,267.06543314305475,259.9880698459302,260.5973745325706,12919778,23518.5,0.0107913669064749,265.3982151576451,273.34602020555536,176.3239930204615,21.71151123347885,0.42763886556969555
2024-11-21,261.13641357421875,266.03430938588815,260.2693007553304,263.4095988473706,11672608,23349.900390625,-0.008629849797041837,264.60477556501115,273.34602020555536,176.3239930204615,21.799084124335806,0.42702509907779385
2024-11-22,267.93255615234375,268.8464989137181,261.487926589228,263.3861572118334,14733232,23907.25,0.017261343529355752,264.4809090750558,273.34602020555536,177.7270876874424,22.514714317867455,0.44934818004990135
2024-11-25,272.9945373535156,275.3848978074911,268.9871548949329,269.73706404714477,23297474,24221.900390625,0.01207647646747394,265.271004813058,275.3848978074911,179.71482862702376,22.878359595906318,0.46604005571612833
2024-11-26,276.0644836425781,276.6972176206119,271.5180848968043,274.1896823954299,15771340,24194.5,0.006837606837606847,266.61014665876115,276.6972176206119,182.07671688349646,22.963323930868327,0.46194357919306384
2024-11-27,273.2054443359375,279.3454074528436,272.73674398786227,277.236255886505,13659676,24274.900390625,-0.01453926557216821,267.6948547363281,279.3454074528436,183.85399394397578,23.201258646306137,0.4542381554524274
2024-11-28,268.1903076171875,274.65836580025973,267.41694070746576,274.54119072952585,11896556,23914.150390625,-0.023132714968790068,268.99047415597096,279.3454074528436,183.85399394397578,22.496441788835693,0.4832407026830999
2024-11-29,270.8385009765625,272.19774351058476,267.90912362496346,269.5027163471136,8540112,24131.099609375,0.004956479279891263,270.051749093192,279.3454074528436,183.85399394397578,22.518745754096617,0.4847033708715585
2024-12-02,273.978759765625,274.44746007438744,271.00252424786237,272.9945005601026,11194000,24276.05078125,0.0036054177043969306,271.88636997767856,279.3454074528436,183.85399394397578,22.47853930197681,0.48533499607043074
2024-12-03,273.39288330078125,277.65807325800534,271.1899861368519,276.86127701481433,15445286,24457.150390625,-0.012527550806057637,272.66641671316967,279.3454074528436,183.85399394397578,21.4775793467955,0.4693060908051254
2024-12-04,275.5957946777344,278.40799666424186,273.533501778083,276.2050993867047,14036431,24467.44921875,-0.0022059864583357184,273.03802490234375,279.3454074528436,183.85399394397578,21.482236973341198,0.4658229183490353
2024-12-05,280.56402587890625,282.06387276210654,275.50206767940523,276.5332141995554,13487264,24708.400390625,0.014576229806673719,273.6808166503906,282.06387276210654,183.85399394397578,21.129386831260064,0.4792524609575834
2024-12-06,278.736083984375,280.4233936811406,277.6580789777082,280.4233936811406,7894350,24677.80078125,-0.006017007620570355,274.47090802873885,282.06387276210654,186.14573910757213,21.251600288515725,0.47591948646370724
2024-12-09,284.7354431152344,286.56338579786535,275.3614367575312,276.5331875522441,9285213,24619.0,0.02966101694915248,276.8344988141741,286.56338579786535,188.06333014533132,21.183527778329754,0.44660336507146053
2024-12-10,288.8131408691406,291.5315969845345,284.4542336453129,286.8445938175806,17028502,24610.05078125,0.006862765044168666,279.40230451311385,291.5315969845345,188.06333014533132,21.22471042145452,0.4226977549175661
2024-12-11,289.65679931640625,290.5004541755,286.4227556481499,288.8600030466854,8608406,24641.80078125,0.00275841674623288,281.6420244489397,291.5315969845345,188.06333014533132,21.1161904287139,0.4444208186943571
2024-12-12,289.75054931640625,294.1563152478376,288.20384395103997,288.71940287042946,12958440,24548.69921875,0.003571448388037648,283.9788338797433,294.1563152478376,188.06333014533132,20.979968568289138,0.44203183655312517
2024-12-13,290.5473327636719,291.5784505569044,285.1572792144073,289.75053651755866,7382211,24768.30078125,0.002749938811812803,286.1147678920201,294.1563152478376,189.86397983946685,20.790580795227257,0.4406034659516348
2024-12-16,289.84429931640625,291.90656363113567,287.8757521831477,290.59420841136273,7221189,24668.25,-0.002580605783770177,287.4405212402344,294.1563152478376,194.09668421945574,20.805742853953298,0.4447496433234601
2024-12-17,289.5162048339844,292.70336141457693,288.06321662020946,291.53161056824155,10568517,24336.0,-0.00691316365429061,288.9805385044643,294.1563152478376,194.09668421945574,20.91662869070739,0.46141318540786486
2024-12-18,293.0314636230469,293.6407683546974,289.23497363562603,289.65681539218355,10965226,24198.849609375,0.011650505189371059,290.16568429129467,294.1563152478376,194.09668421945574,19.109066219341933,0.4581452552602413
2024-12-19,293.17205810546875,293.7813628165425,282.2982046653291,287.17269956831524,12405595,23951.69921875,0.02089111724816422,290.7883867536272,294.1563152478376,194.09668421945574,19.967577406492566,0.4303421645471498
2024-12-20,286.09466552734375,299.96818252630743,285.3447279067109,295.7498799595312,22214824,23587.5,-0.03264655401891834,290.2795104980469,299.96818252630743,194.09668421945574,23.18846911006865,0.4650034656015622
2024-12-23,288.62567138671875,291.20352332581405,285.9072150632945,287.40706191293526,6693583,23753.44921875,0.004240012286659273,290.11881365094865,299.96818252630743,195.448044022765,22.520567606794494,0.4695376643829052
2024-12-24,286.18841552734375,289.8443010570064,283.8449138325335,288.2507084616561,8837902,23727.650390625,-0.007154511242377941,289.49611118861606,299.96818252630743,195.448044022765,22.328012129239056,0.46602568880560513
2024-12-26,285.95404052734375,287.73512454649966,284.96978134386995,286.282136457567,6516148,23750.19921875,-0.0011460579911938462,288.9403599330357,299.96818252630743,195.448044022765,22.200837828792576,0.46866473686641047
2024-12-27,289.75054931640625,291.43785905913353,285.62599213969685,286.09469246903194,8063921,23813.400390625,0.012778485388260163,288.97383771623885,299.96818252630743,195.448044022765,21.987130143403267,0.4933481648810265
2024-12-30,284.6885986328125,290.0317653571421,283.70431075216334,289.7505565953558,13709891,23644.900390625,-0.017470054318523616,287.78199986049106,299.96818252630743,195.448044022765,21.275391542642737,0.500899768582266
2024-12-31,282.95440673828125,284.0324118207817,276.7675564029234,282.11075183055044,9337030,23644.80078125,0.0029905095862406165,286.3223353794643,299.96818252630743,195.448044022765,21.244994546205994,0.48091626113329344
